,stop_id,frequency
0,10723,3
1,18011,3
2,748,3
3,30054,3
4,30055,3
5,1551,3
6,14106,3
7,1784,3
8,10254,3
9,5184,3
10,5236,3
11,1493,3
12,5357,3
13,5368,3
14,5395,3
15,2676,3
16,1909,3
17,18012,3
18,30069,3
19,18013,3
20,1902,3
21,1897,3
22,18016,3
23,18022,3
24,1900,3
25,18015,3
26,18014,3
27,11171,3
28,4502,6
29,4503,6
30,30051,6
31,6614,6
32,10841,6
33,10842,6
34,30028,6
35,10843,6
36,11340,6
37,11330,6
38,18008,6
39,18009,6
40,30098,6
41,5959,6
42,30064,6
43,2052,6
44,159,6
45,18017,6
46,798,9
47,321099,9
48,12100,9
49,12097,9
50,5503,9
51,2066,9
52,10957,9
53,5502,9
54,5094,9
55,3128,9
56,10958,9
57,5299,10
58,5262,10
59,10099,10
60,5279,10
61,5288,10
62,2585,10
63,6191,10
64,1959,10
65,6088,10
66,1954,10
67,5816,12
68,908,12
69,909,12
70,910,12
71,911,12
72,2658,12
73,913,12
74,914,12
75,915,12
76,14227,12
77,4863,12
78,11278,12
79,11276,12
80,11288,12
81,3493,12
82,3498,12
83,3496,12
84,12084,12
85,12082,12
86,321098,12
87,12085,12
88,12086,12
89,200313,12
90,3495,12
91,200312,12
92,11098,12
93,1903,12
94,3519,12
95,5838,12
96,6380,12
97,12098,12
98,11099,12
99,11275,12
100,912,12
101,1165,12
102,10947,12
103,1377,12
104,1378,12
105,1379,12
106,1375,12
107,10135,12
108,6613,12
109,12099,12
110,1374,12
111,2304,12
112,10065,12
113,3131,12
114,10042,12
115,10001,12
116,10044,12
117,1376,12
118,5311,13
119,5802,13
120,5313,13
121,200314,15
122,2053,15
123,83,15
124,10002,15
125,5767,15
126,3710,15
127,3678,15
128,11257,15
129,3660,15
130,1901,15
131,4260,15
132,10587,15
133,1896,15
134,3677,15
135,1899,15
136,30095,15
137,30094,15
138,13042,15
139,10302,15
140,11389,15
141,11249,15
142,11391,15
143,3362,15
144,13071,15
145,1207,15
146,1208,15
147,1209,15
148,11393,15
149,3500,15
150,11394,15
151,11267,15
152,3492,15
153,3494,15
154,10694,15
155,3497,15
156,30099,15
157,3499,15
158,6402,15
159,30097,15
160,30096,15
161,10241,15
162,11273,15
163,1783,15
164,4120,16
165,12053,17
166,10582,18
167,11281,18
168,2176,18
169,6490,18
170,11279,18
171,11277,18
172,2180,18
173,2182,18
174,11274,18
175,11388,18
176,11390,18
177,11392,18
178,10689,18
179,19095,18
180,10028,18
181,2525,18
182,3126,18
183,19082,18
184,4424,18
185,3662,18
186,10244,18
187,3663,18
188,3668,18
189,3673,18
190,14226,18
191,11329,18
192,5810,18
193,3709,18
194,2110,18
195,1678,18
196,2043,18
197,2046,18
198,18023,18
199,10586,18
200,2049,18
201,2058,18
202,2059,18
203,2097,18
204,18004,18
205,5839,18
206,2051,18
207,2102,18
208,18003,18
209,2107,18
210,2104,18
211,2108,18
212,3415,20
213,3400,20
214,3399,20
215,3398,20
216,3465,20
217,3397,20
218,3585,20
219,10597,20
220,3462,20
221,3396,20
222,3395,20
223,3394,20
224,3374,20
225,3369,20
226,3368,20
227,4075,20
228,3970,20
229,3432,20
230,3416,20
231,3972,20
232,3586,20
233,3431,20
234,3430,20
235,3429,20
236,3428,20
237,3427,20
238,3426,20
239,3971,20
240,10678,20
241,10472,20
242,10676,20
243,10675,20
244,3425,20
245,3433,20
246,3418,20
247,3467,20
248,3417,20
249,3973,20
250,10677,20
251,31002,21
252,169,21
253,18007,21
254,3237,21
255,31004,21
256,10757,21
257,10304,21
258,1461,21
259,1463,21
260,1465,21
261,1467,21
262,6590,21
263,2181,21
264,2178,21
265,2177,21
266,2111,21
267,1460,21
268,2109,21
269,2105,21
270,2103,21
271,2098,21
272,2060,21
273,2050,21
274,2048,21
275,2047,21
276,2045,21
277,2044,21
278,2106,21
279,3235,21
280,2331,21
281,2336,21
282,31006,21
283,3231,21
284,3229,21
285,3226,21
286,3223,21
287,3221,21
288,3219,21
289,3217,21
290,3215,21
291,2333,21
292,3213,21
293,3197,21
294,13072,21
295,2983,21
296,31011,21
297,18010,21
298,31015,21
299,11256,21
300,2570,21
301,1441,21
302,3198,21
303,31013,21
304,3232,21
305,3810,21
306,10756,21
307,4425,21
308,1907,22
309,10339,23
310,3466,23
311,10006,23
312,11010,23
313,11016,23
314,4468,23
315,3908,23
316,2908,23
317,11017,23
318,3463,23
319,3914,23
320,4221,23
321,2150,23
322,4462,23
323,4457,23
324,10252,23
325,4466,23
326,2091,23
327,3464,23
328,2169,23
329,10236,23
330,3561,24
331,12002,24
332,11998,24
333,2142,24
334,12004,24
335,12005,24
336,3562,24
337,12000,24
338,3975,24
339,12007,24
340,10308,24
341,14090,24
342,4991,24
343,5003,24
344,5046,24
345,3402,24
346,3963,24
347,3964,24
348,4380,24
349,5283,24
350,5290,24
351,5821,24
352,3977,24
353,3978,24
354,1380,24
355,12006,24
356,5831,24
357,3962,24
358,5851,24
359,5847,24
360,5843,24
361,3559,24
362,5832,24
363,3545,24
364,5842,24
365,3560,24
366,5861,24
367,5855,24
368,6209,26
369,6205,26
370,11309,26
371,6207,26
372,13010,27
373,3196,27
374,5002,27
375,14037,27
376,31007,27
377,4992,27
378,10237,27
379,14036,27
380,10204,27
381,6032,27
382,13041,27
383,4415,27
384,61016,27
385,31008,27
386,6034,27
387,14035,27
388,6038,27
389,13011,27
390,3277,27
391,14019,27
392,3236,27
393,13015,27
394,3234,27
395,3233,27
396,14014,27
397,13013,27
398,3230,27
399,3228,27
400,3227,27
401,4463,27
402,3225,27
403,3224,27
404,14012,27
405,3222,27
406,4461,27
407,3220,27
408,4458,27
409,6162,27
410,3216,27
411,10253,27
412,1973,27
413,6036,27
414,31009,27
415,31012,27
416,1977,27
417,11009,27
418,8021,27
419,8020,27
420,5854,27
421,11015,27
422,3909,27
423,61008,27
424,5853,27
425,1468,27
426,5844,27
427,11020,27
428,5796,27
429,5797,27
430,2090,27
431,2168,27
432,5808,27
433,61006,27
434,61005,27
435,11018,27
436,10337,27
437,1462,27
438,1459,27
439,2984,27
440,61015,27
441,1978,27
442,1983,27
443,6197,27
444,1992,27
445,1993,27
446,13008,27
447,31014,27
448,3806,27
449,10860,27
450,3913,27
451,13000,27
452,2029,27
453,2337,27
454,1438,27
455,4261,27
456,2334,27
457,2332,27
458,31010,27
459,1466,27
460,31018,27
461,10416,27
462,31003,27
463,3639,27
464,4469,27
465,13023,27
466,10448,27
467,4467,27
468,13002,27
469,13025,27
470,13018,27
471,10870,27
472,10381,27
473,13020,27
474,13006,27
475,31001,27
476,3607,27
477,10858,27
478,10868,27
479,10864,27
480,30090,27
481,13004,27
482,10862,27
483,10340,27
484,10417,27
485,10871,27
486,31005,27
487,10418,27
488,904,27
489,4284,29
490,4278,29
491,4277,29
492,4273,29
493,4286,29
494,4275,29
495,4226,29
496,4295,29
497,4225,29
498,4288,29
499,4297,29
500,4291,29
501,4280,29
502,4282,29
503,13122,30
504,11289,30
505,1420,30
506,1422,30
507,1423,30
508,11287,30
509,1421,30
510,5845,30
511,10120,30
512,11285,30
513,6198,30
514,93,30
515,1418,30
516,5809,30
517,10445,30
518,11022,30
519,10444,30
520,825,30
521,12051,30
522,5852,30
523,3405,30
524,1233,30
525,1234,30
526,1236,30
527,4414,30
528,13131,30
529,1419,30
530,1436,30
531,1424,30
532,1982,30
533,14034,30
534,6035,30
535,6037,30
536,4074,30
537,6196,30
538,13124,30
539,6033,30
540,6039,30
541,14013,30
542,14015,30
543,14016,30
544,12048,30
545,12049,30
546,12050,30
547,14011,30
548,10245,30
549,13123,30
550,1972,30
551,1437,30
552,1969,30
553,1968,30
554,1976,30
555,1974,30
556,72,30
557,1501,31
558,14006,32
559,4294,32
560,4296,32
561,14004,32
562,4309,32
563,6043,32
564,1069,32
565,4227,32
566,4292,32
567,1067,32
568,4285,32
569,6078,32
570,4302,32
571,4303,32
572,4305,32
573,4287,32
574,4311,32
575,4298,32
576,14010,32
577,14008,32
578,4279,32
579,4281,32
580,14000,32
581,13098,32
582,13096,32
583,13095,32
584,4283,32
585,4276,32
586,799,32
587,4307,32
588,4289,32
589,4274,32
590,10664,33
591,10665,33
592,1451,33
593,1470,33
594,10663,33
595,4484,33
596,1475,33
597,1432,33
598,845,33
599,846,33
600,1430,33
601,5641,33
602,3987,33
603,3986,33
604,10666,33
605,10075,33
606,10873,33
607,1476,33
608,852,33
609,853,33
610,3638,33
611,1473,33
612,5768,33
613,5708,33
614,5793,33
615,3981,33
616,1480,33
617,1479,33
618,849,33
619,1483,33
620,10861,33
621,13009,33
622,10834,33
623,10857,33
624,4029,33
625,13021,33
626,13007,33
627,10869,33
628,13022,33
629,13001,33
630,13017,33
631,1984,33
632,10865,33
633,13024,33
634,1986,33
635,13003,33
636,13012,33
637,10867,33
638,10831,33
639,1990,33
640,842,33
641,10859,33
642,13029,33
643,839,33
644,1988,33
645,13026,33
646,13016,33
647,10863,33
648,834,33
649,13005,33
650,13014,33
651,15759,34
652,11999,34
653,10509,34
654,5859,34
655,10508,34
656,12001,34
657,13046,34
658,10704,34
659,5856,34
660,5835,34
661,10513,34
662,10706,34
663,5850,34
664,5846,34
665,5282,34
666,5291,34
667,5084,34
668,12003,34
669,5066,35
670,5053,35
671,2055,35
672,2057,35
673,12052,35
674,1985,36
675,1482,36
676,1481,36
677,4243,36
678,12063,36
679,1478,36
680,1477,36
681,12088,36
682,1474,36
683,1472,36
684,5956,36
685,12061,36
686,5908,36
687,1989,36
688,4248,36
689,3826,36
690,3827,36
691,2071,36
692,4246,36
693,3830,36
694,3824,36
695,850,36
696,847,36
697,3832,36
698,840,36
699,3860,36
700,4244,36
701,843,36
702,848,36
703,12060,36
704,854,36
705,833,36
706,1991,36
707,12057,36
708,6206,36
709,10833,36
710,6208,36
711,5954,36
712,4251,36
713,5948,36
714,12054,36
715,2056,36
716,4253,36
717,3822,36
718,2061,36
719,1469,36
720,844,36
721,10832,36
722,3818,36
723,5060,36
724,10379,36
725,10383,36
726,3814,36
727,10076,36
728,5065,36
729,10415,36
730,2906,36
731,2897,36
732,1431,36
733,1433,36
734,4262,36
735,4259,36
736,10966,36
737,3816,36
738,12046,36
739,10223,37
740,10510,37
741,10514,37
742,4485,37
743,10705,37
744,10707,37
745,11219,37
746,3812,38
747,3825,38
748,1620,38
749,5335,38
750,4464,38
751,10967,38
752,3813,38
753,10399,38
754,1623,38
755,3831,38
756,12056,38
757,2116,38
758,3833,38
759,3823,38
760,12055,38
761,5343,38
762,5340,38
763,5338,38
764,1622,38
765,1615,38
766,3828,38
767,3928,38
768,3820,38
769,12062,38
770,3819,38
771,3821,38
772,3817,38
773,12064,38
774,3815,38
775,12058,38
776,12059,38
777,11315,39
778,3291,39
779,11313,39
780,10605,39
781,11312,39
782,5906,39
783,11310,39
784,3309,39
785,5945,39
786,10305,39
787,3311,39
788,5953,39
789,11311,39
790,824,39
791,1919,39
792,1232,39
793,3282,39
794,3254,39
795,3253,39
796,11316,39
797,11300,39
798,2881,39
799,2883,39
800,3252,39
801,3251,39
802,3248,39
803,10311,39
804,1237,39
805,1235,39
806,3289,39
807,3529,39
808,10628,39
809,3135,39
810,3140,39
811,10246,39
812,10284,39
813,3185,39
814,3347,39
815,10387,39
816,3187,39
817,11307,39
818,1029,39
819,3181,39
820,3349,39
821,5955,39
822,3352,39
823,3353,39
824,10375,39
825,10373,39
826,10627,39
827,1920,39
828,3188,39
829,3139,39
830,10285,39
831,3180,39
832,1036,39
833,1034,39
834,3141,39
835,3142,39
836,3143,39
837,11243,39
838,3149,39
839,4652,39
840,4195,39
841,4196,39
842,3173,39
843,3174,39
844,3175,39
845,3346,39
846,3176,39
847,3177,39
848,11242,39
849,3184,39
850,3284,39
851,5383,39
852,19908,39
853,5480,39
854,5477,39
855,5476,39
856,4247,39
857,5385,39
858,5384,39
859,11325,39
860,11291,39
861,10712,39
862,5382,39
863,5377,39
864,11324,39
865,4245,39
866,11321,39
867,5374,39
868,10630,39
869,10631,39
870,5367,39
871,11320,39
872,11290,39
873,11319,39
874,19907,39
875,51712,39
876,1428,39
877,1427,39
878,1426,39
879,1425,39
880,2444,39
881,2445,39
882,5481,39
883,51713,39
884,4258,39
885,10453,39
886,2652,39
887,4263,39
888,4252,39
889,5483,39
890,10422,39
891,5482,39
892,4250,39
893,4249,39
894,10511,39
895,1429,39
896,5365,41
897,1019,41
898,5366,41
899,5363,41
900,1624,41
901,2952,41
902,2935,41
903,2948,41
904,2949,41
905,2950,41
906,5362,41
907,2953,41
908,2954,41
909,2955,41
910,1616,41
911,5344,41
912,5337,41
913,5336,41
914,2040,41
915,1619,41
916,2039,41
917,5339,41
918,5353,41
919,5361,41
920,5351,41
921,5360,41
922,5352,41
923,10400,41
924,5359,41
925,1621,41
926,5354,41
927,4301,42
928,2272,42
929,4211,42
930,4795,42
931,2275,42
932,2281,42
933,2298,42
934,2306,42
935,2305,42
936,2387,42
937,3921,42
938,4793,42
939,11318,42
940,2303,42
941,4785,42
942,4155,42
943,2308,42
944,2311,42
945,11317,42
946,3917,42
947,4792,42
948,4465,42
949,4784,42
950,3028,42
951,3027,42
952,3024,42
953,5333,42
954,3927,42
955,3022,42
956,3021,42
957,4306,42
958,3491,42
959,3016,42
960,4783,42
961,4796,42
962,2977,42
963,3922,42
964,4045,42
965,4801,42
966,4790,42
967,4800,42
968,4797,42
969,11308,42
970,11364,42
971,2239,42
972,2636,42
973,4802,42
974,3915,42
975,4786,42
976,2292,42
977,10606,42
978,448,42
979,11303,42
980,10944,42
981,450,42
982,10524,42
983,236,42
984,573,42
985,10501,42
986,456,42
987,455,42
988,11000,42
989,11069,42
990,11202,42
991,51702,42
992,10512,42
993,10062,42
994,10604,42
995,10943,42
996,446,42
997,10946,42
998,11302,42
999,10941,42
1000,11066,42
1001,11306,42
1002,11305,42
1003,10945,42
1004,1639,42
1005,10286,42
1006,10334,42
1007,10130,42
1008,10942,42
1009,20040,42
1010,10986,42
1011,1454,43
1012,1452,43
1013,1272,44
1014,721,44
1015,13069,44
1016,5447,44
1017,1240,44
1018,5446,44
1019,6167,44
1020,6555,44
1021,13091,44
1022,6169,44
1023,13092,44
1024,6183,44
1025,6185,44
1026,6187,44
1027,6189,44
1028,6193,44
1029,1281,44
1030,6552,44
1031,5699,44
1032,6550,44
1033,6554,44
1034,6181,44
1035,13067,44
1036,6179,44
1037,5233,44
1038,13068,44
1039,6175,44
1040,6174,44
1041,10405,44
1042,6551,44
1043,720,44
1044,6177,44
1045,13070,44
1046,6063,44
1047,10404,44
1048,5364,44
1049,6092,44
1050,4962,44
1051,6094,44
1052,10109,44
1053,10111,44
1054,10113,44
1055,6147,44
1056,6123,44
1057,1667,44
1058,10115,44
1059,10891,44
1060,6139,44
1061,6141,44
1062,10327,44
1063,10117,44
1064,6143,44
1065,4951,44
1066,10328,44
1067,6145,44
1068,10121,44
1069,6149,44
1070,6083,44
1071,6151,44
1072,6081,44
1073,6165,44
1074,5716,44
1075,10096,44
1076,6156,44
1077,6070,44
1078,6072,44
1079,6066,44
1080,5620,44
1081,14039,44
1082,1267,44
1083,1278,44
1084,13056,44
1085,1265,44
1086,6079,44
1087,1257,44
1088,6073,44
1089,10276,45
1090,1511,45
1091,10279,45
1092,1533,45
1093,711,45
1094,276,45
1095,10046,45
1096,10281,45
1097,12091,45
1098,2243,45
1099,10397,45
1100,1513,45
1101,96,45
1102,10045,45
1103,11142,45
1104,3269,46
1105,1981,46
1106,3152,46
1107,3325,46
1108,4206,46
1109,10608,46
1110,10618,46
1111,10250,46
1112,3300,46
1113,3522,46
1114,3302,46
1115,3835,46
1116,3304,46
1117,3317,46
1118,10620,46
1119,1455,46
1120,4208,46
1121,1453,46
1122,4210,46
1123,10249,46
1124,3158,46
1125,3165,46
1126,3164,46
1127,3154,46
1128,3162,46
1129,3160,46
1130,10622,46
1131,10613,46
1132,3156,46
1133,10680,46
1134,5234,47
1135,11280,48
1136,5689,48
1137,5686,48
1138,3916,48
1139,5718,48
1140,5721,48
1141,5720,48
1142,5719,48
1143,5688,48
1144,5687,48
1145,5695,48
1146,3025,48
1147,5207,48
1148,5696,48
1149,5698,48
1150,5694,48
1151,3924,48
1152,4712,48
1153,5693,48
1154,5692,48
1155,5690,48
1156,5691,48
1157,5206,48
1158,3029,48
1159,3023,48
1160,3923,48
1161,11282,48
1162,5706,48
1163,3920,48
1164,5705,48
1165,5722,48
1166,5742,48
1167,3020,48
1168,5187,48
1169,2279,48
1170,2280,48
1171,449,48
1172,451,48
1173,4310,48
1174,2386,48
1175,5746,48
1176,5747,48
1177,5185,48
1178,12021,48
1179,2299,48
1180,2302,48
1181,14049,48
1182,2269,48
1183,5748,48
1184,2307,48
1185,2313,48
1186,2315,48
1187,457,48
1188,5749,48
1189,5755,48
1190,11212,48
1191,10652,48
1192,2976,48
1193,2329,48
1194,5756,48
1195,13099,48
1196,5157,48
1197,5765,48
1198,13097,48
1199,5723,48
1200,1512,48
1201,10897,48
1202,5724,48
1203,5727,48
1204,5728,48
1205,1536,48
1206,1535,48
1207,1534,48
1208,3017,48
1209,5735,48
1210,1528,48
1211,1527,48
1212,1526,48
1213,1525,48
1214,5780,48
1215,5777,48
1216,5745,48
1217,2238,48
1218,1521,48
1219,1520,48
1220,1514,48
1221,5736,48
1222,5737,48
1223,445,48
1224,4304,48
1225,5738,48
1226,5739,48
1227,5740,48
1228,5741,48
1229,5192,48
1230,13094,48
1231,5188,48
1232,1523,48
1233,5685,48
1234,4269,48
1235,5763,48
1236,5585,48
1237,12011,48
1238,5232,48
1239,2589,48
1240,11284,48
1241,12010,48
1242,5613,48
1243,5614,48
1244,14001,48
1245,4229,48
1246,5615,48
1247,5616,48
1248,10277,48
1249,11067,48
1250,11063,48
1251,3290,48
1252,5618,48
1253,51724,48
1254,51723,48
1255,51722,48
1256,5619,48
1257,5621,48
1258,14007,48
1259,12012,48
1260,5866,48
1261,12013,48
1262,12092,48
1263,5542,48
1264,3206,48
1265,3207,48
1266,12015,48
1267,3210,48
1268,2896,48
1269,3214,48
1270,5552,48
1271,5554,48
1272,10229,48
1273,5555,48
1274,2899,48
1275,5318,48
1276,12016,48
1277,5565,48
1278,12020,48
1279,14003,48
1280,12090,48
1281,5573,48
1282,4046,48
1283,5574,48
1284,14002,48
1285,5575,48
1286,12014,48
1287,5865,48
1288,12017,48
1289,5623,48
1290,5216,48
1291,12019,48
1292,5212,48
1293,15662,48
1294,10289,48
1295,6077,48
1296,10463,48
1297,1072,48
1298,1068,48
1299,4154,48
1300,5622,48
1301,5209,48
1302,2505,48
1303,5681,48
1304,51300,48
1305,5682,48
1306,2502,48
1307,2501,48
1308,14021,48
1309,14100,48
1310,2497,48
1311,2496,48
1312,5208,48
1313,5680,48
1314,10420,48
1315,51691,48
1316,12018,48
1317,5624,48
1318,12009,48
1319,51693,48
1320,12008,48
1321,5639,48
1322,2923,48
1323,5229,48
1324,51692,48
1325,10398,48
1326,5218,48
1327,10278,48
1328,14101,48
1329,14005,48
1330,10280,48
1331,2539,48
1332,14009,48
1333,10282,48
1334,5663,48
1335,5666,48
1336,5762,48
1337,5078,48
1338,576,48
1339,5667,48
1340,5319,48
1341,3144,49
1342,1033,49
1343,3150,49
1344,3348,49
1345,4215,50
1346,203599,51
1347,10697,51
1348,5231,51
1349,5541,51
1350,3959,51
1351,3960,51
1352,10451,51
1353,5213,51
1354,6284,51
1355,5504,51
1356,5196,51
1357,5195,51
1358,575,51
1359,15005,51
1360,5197,51
1361,4242,51
1362,5557,51
1363,5556,51
1364,581,51
1365,5551,51
1366,5186,51
1367,5230,51
1368,3995,52
1369,4789,52
1370,4441,52
1371,4443,52
1372,4444,52
1373,4445,52
1374,4787,52
1375,4174,53
1376,14046,54
1377,2892,54
1378,2891,54
1379,14047,54
1380,2887,54
1381,2918,54
1382,14048,54
1383,14045,54
1384,14050,54
1385,14043,54
1386,3345,54
1387,10194,54
1388,165,54
1389,14044,54
1390,2255,54
1391,2258,54
1392,2259,54
1393,4272,54
1394,2263,54
1395,2265,54
1396,60065,54
1397,3323,54
1398,4960,54
1399,4961,54
1400,6256,55
1401,2493,55
1402,2552,55
1403,6030,55
1404,2651,55
1405,6029,55
1406,3684,55
1407,3708,55
1408,19076,55
1409,19077,55
1410,12030,55
1411,10195,55
1412,12031,55
1413,3704,55
1414,12087,55
1415,3667,55
1416,3681,55
1417,6267,55
1418,13083,55
1419,10188,55
1420,6253,55
1421,13065,55
1422,6221,55
1423,2590,55
1424,10428,55
1425,3703,55
1426,2591,55
1427,2592,55
1428,12028,55
1429,10530,55
1430,3675,55
1431,6269,55
1432,10607,56
1433,10621,56
1434,3157,56
1435,5675,56
1436,3355,56
1437,3163,56
1438,3159,56
1439,1000,56
1440,10401,56
1441,3153,56
1442,1980,56
1443,12107,56
1444,5587,56
1445,5599,56
1446,10129,56
1447,3151,56
1448,5497,56
1449,3303,56
1450,4205,56
1451,5416,56
1452,4204,56
1453,10070,56
1454,10612,56
1455,10611,56
1456,10610,56
1457,10072,56
1458,10073,56
1459,10074,56
1460,4207,56
1461,5381,56
1462,5379,56
1463,5376,56
1464,5370,56
1465,10093,56
1466,12041,56
1467,12042,56
1468,10127,56
1469,12043,56
1470,10609,56
1471,3270,56
1472,5380,56
1473,4209,56
1474,5427,56
1475,10128,56
1476,2673,56
1477,13184,56
1478,5496,56
1479,5495,56
1480,5494,56
1481,5493,56
1482,5492,56
1483,5491,56
1484,5490,56
1485,5489,56
1486,5488,56
1487,5487,56
1488,10619,56
1489,3301,56
1490,5475,56
1491,5474,56
1492,5473,56
1493,5472,56
1494,5471,56
1495,10617,56
1496,10616,56
1497,10615,56
1498,3299,56
1499,3318,56
1500,10052,56
1501,3155,56
1502,1231,56
1503,1545,56
1504,1570,56
1505,1559,56
1506,11334,56
1507,4363,56
1508,4364,56
1509,4367,56
1510,5714,56
1511,4378,56
1512,4368,56
1513,5713,56
1514,1562,56
1515,4371,56
1516,4376,56
1517,1564,56
1518,1581,56
1519,1579,56
1520,1567,56
1521,1577,56
1522,1568,56
1523,1576,56
1524,4375,56
1525,4372,56
1526,1569,56
1527,1575,56
1528,1574,56
1529,1573,56
1530,1543,56
1531,13183,56
1532,1572,56
1533,4360,56
1534,1635,56
1535,4342,56
1536,4343,56
1537,4341,56
1538,3526,56
1539,4340,56
1540,10005,56
1541,10131,56
1542,4345,56
1543,4346,56
1544,10714,56
1545,4344,56
1546,13178,56
1547,4359,56
1548,10623,56
1549,4357,56
1550,4905,57
1551,10589,57
1552,4895,57
1553,14096,57
1554,10011,57
1555,3336,57
1556,10753,57
1557,10754,57
1558,10758,57
1559,2646,57
1560,10696,57
1561,4907,57
1562,10749,57
1563,10297,57
1564,10724,57
1565,10750,57
1566,2274,57
1567,10759,57
1568,10296,57
1569,4904,57
1570,10751,57
1571,1640,57
1572,1705,57
1573,1708,57
1574,10477,57
1575,1715,57
1576,10484,57
1577,4831,57
1578,3344,57
1579,4830,57
1580,10459,57
1581,10478,57
1582,186,57
1583,4832,57
1584,89,57
1585,1710,57
1586,6222,58
1587,6268,58
1588,6271,58
1589,4437,58
1590,10313,58
1591,6257,58
1592,2588,58
1593,2587,58
1594,12027,58
1595,10187,58
1596,5083,58
1597,3994,58
1598,5081,58
1599,4440,58
1600,6028,58
1601,10139,58
1602,12029,58
1603,2650,58
1604,6031,58
1605,4428,58
1606,2551,58
1607,4438,58
1608,2586,58
1609,2492,58
1610,2780,59
1611,2781,59
1612,2774,59
1613,2778,59
1614,2777,59
1615,2776,59
1616,2775,59
1617,2773,59
1618,2772,59
1619,2770,59
1620,2769,59
1621,2768,59
1622,2766,59
1623,2765,59
1624,2764,59
1625,2763,59
1626,2779,59
1627,2782,59
1628,3696,59
1629,2784,59
1630,4566,59
1631,4578,59
1632,4564,59
1633,2840,59
1634,4560,59
1635,926,59
1636,2842,59
1637,2816,59
1638,2815,59
1639,2814,59
1640,2813,59
1641,2812,59
1642,2811,59
1643,2844,59
1644,2845,59
1645,19909,59
1646,10083,59
1647,8017,59
1648,4558,59
1649,4338,59
1650,2752,59
1651,2847,59
1652,4577,59
1653,2783,59
1654,2750,59
1655,4349,59
1656,2746,59
1657,1537,59
1658,1542,59
1659,2866,59
1660,3129,59
1661,794,59
1662,2851,59
1663,6481,59
1664,11299,59
1665,2868,59
1666,10050,59
1667,2870,59
1668,2876,59
1669,11292,59
1670,2878,59
1671,6468,59
1672,4700,59
1673,792,59
1674,2685,59
1675,4570,59
1676,757,59
1677,4574,59
1678,773,59
1679,10385,59
1680,5430,59
1681,5431,59
1682,5432,59
1683,4568,59
1684,5441,59
1685,2867,59
1686,775,59
1687,5442,59
1688,2852,60
1689,10460,60
1690,2841,60
1691,14054,60
1692,927,60
1693,2879,60
1694,14055,60
1695,2848,60
1696,10465,60
1697,2839,60
1698,14061,60
1699,12033,60
1700,3035,60
1701,10517,60
1702,10518,60
1703,12045,60
1704,10529,60
1705,14053,60
1706,2877,60
1707,14052,60
1708,2865,60
1709,2864,60
1710,12026,60
1711,13064,60
1712,12037,60
1713,13066,60
1714,12040,60
1715,5224,60
1716,2846,60
1717,2863,60
1718,767,60
1719,928,60
1720,2869,60
1721,12038,60
1722,2843,60
1723,759,60
1724,2875,60
1725,12039,60
1726,10288,60
1727,10464,60
1728,6148,60
1729,2264,60
1730,4064,60
1731,13181,60
1732,13180,60
1733,2215,60
1734,11406,60
1735,2254,60
1736,2256,60
1737,2257,60
1738,6064,60
1739,6065,60
1740,2260,60
1741,2262,60
1742,1931,60
1743,6618,60
1744,4063,60
1745,2328,60
1746,6071,60
1747,6074,60
1748,6075,60
1749,6076,60
1750,6152,60
1751,13093,60
1752,13090,60
1753,6091,60
1754,6093,60
1755,2458,60
1756,2476,60
1757,2477,60
1758,6150,60
1759,6113,60
1760,6069,60
1761,6114,60
1762,14038,60
1763,6319,60
1764,1934,60
1765,1935,60
1766,1936,60
1767,1937,60
1768,1938,60
1769,1939,60
1770,1940,60
1771,1941,60
1772,4050,60
1773,1930,60
1774,1929,60
1775,1928,60
1776,1927,60
1777,11304,60
1778,6320,60
1779,1926,60
1780,4061,60
1781,13185,60
1782,4062,60
1783,6180,60
1784,6178,60
1785,6176,60
1786,6173,60
1787,6170,60
1788,6168,60
1789,6166,60
1790,6314,60
1791,10988,60
1792,10987,60
1793,6316,60
1794,6195,60
1795,19078,60
1796,1933,60
1797,6144,60
1798,6146,60
1799,2745,60
1800,1792,60
1801,710,60
1802,1385,60
1803,579,60
1804,5435,60
1805,5439,60
1806,1384,60
1807,5486,60
1808,3707,60
1809,709,60
1810,3682,60
1811,1383,60
1812,1389,60
1813,2649,60
1814,3706,60
1815,708,60
1816,3705,60
1817,582,60
1818,1390,60
1819,3683,60
1820,5458,60
1821,5586,60
1822,1387,60
1823,1793,60
1824,2594,60
1825,2827,60
1826,3665,60
1827,5674,60
1828,10053,60
1829,10116,60
1830,10054,60
1831,1394,60
1832,10114,60
1833,10055,60
1834,10112,60
1835,2595,60
1836,6140,60
1837,5470,60
1838,6142,60
1839,19075,60
1840,2749,60
1841,2751,60
1842,1392,60
1843,5390,60
1844,10098,60
1845,1388,60
1846,2669,60
1847,10108,60
1848,10110,60
1849,5133,61
1850,6285,62
1851,12036,62
1852,6041,62
1853,1544,62
1854,11295,62
1855,10061,62
1856,10989,62
1857,11294,62
1858,1713,62
1859,10047,62
1860,12032,62
1861,1714,62
1862,4347,62
1863,6273,62
1864,4350,62
1865,5617,62
1866,1709,62
1867,1707,62
1868,11298,62
1869,1704,62
1870,4339,62
1871,6254,62
1872,6255,62
1873,12072,62
1874,5448,62
1875,10048,62
1876,10193,63
1877,6317,63
1878,51,63
1879,6315,63
1880,6312,63
1881,6286,63
1882,6171,63
1883,6172,63
1884,871,63
1885,6321,63
1886,6318,63
1887,2661,63
1888,164,63
1889,6323,63
1890,569,64
1891,11124,64
1892,4313,64
1893,4318,64
1894,4321,64
1895,11126,64
1896,10007,64
1897,11095,64
1898,10008,64
1899,550,64
1900,11118,64
1901,11119,64
1902,1734,64
1903,1736,64
1904,11075,64
1905,1739,64
1906,4191,64
1907,4190,64
1908,5202,64
1909,551,64
1910,570,64
1911,11122,64
1912,3273,64
1913,3577,64
1914,4317,64
1915,1766,64
1916,695,64
1917,1763,64
1918,1765,64
1919,10165,64
1920,11003,65
1921,4741,65
1922,257,65
1923,13050,65
1924,4559,65
1925,13051,65
1926,2212,65
1927,2138,65
1928,4579,65
1929,4576,65
1930,2076,65
1931,4762,65
1932,4569,65
1933,11166,65
1934,2213,65
1935,4565,65
1936,2134,65
1937,13055,65
1938,2082,65
1939,4561,65
1940,4571,65
1941,3918,65
1942,2136,65
1943,4575,65
1944,2137,65
1945,10336,66
1946,4903,66
1947,4908,66
1948,4894,66
1949,4906,66
1950,1857,66
1951,10356,66
1952,10346,66
1953,10347,66
1954,1873,66
1955,1871,66
1956,1767,66
1957,1762,66
1958,11235,66
1959,1764,66
1960,1864,66
1961,1863,66
1962,1860,66
1963,1858,66
1964,10342,66
1965,10354,66
1966,10349,66
1967,4,66
1968,3597,66
1969,10360,66
1970,3792,66
1971,2349,66
1972,2348,66
1973,3551,66
1974,3550,66
1975,3542,66
1976,3540,66
1977,3538,66
1978,3805,66
1979,3520,66
1980,10003,66
1981,3514,66
1982,3512,66
1983,3510,66
1984,5048,66
1985,2383,66
1986,3505,66
1987,2391,66
1988,2419,66
1989,3576,66
1990,3575,66
1991,3574,66
1992,3573,66
1993,3572,66
1994,2919,66
1995,2920,66
1996,3571,66
1997,3566,66
1998,3564,66
1999,3771,66
2000,3772,66
2001,3774,66
2002,2441,66
2003,3776,66
2004,3556,66
2005,3502,66
2006,3508,66
2007,185,66
2008,11314,66
2009,4828,66
2010,3934,66
2011,4829,66
2012,5057,66
2013,5056,66
2014,1660,66
2015,5055,66
2016,14056,66
2017,1737,66
2018,1733,66
2019,14057,66
2020,5054,66
2021,14058,66
2022,1738,66
2023,14059,66
2024,1658,66
2025,5067,66
2026,14042,66
2027,14040,66
2028,10446,66
2029,11301,66
2030,1645,66
2031,1648,66
2032,1655,66
2033,5050,66
2034,1651,66
2035,5073,66
2036,5072,66
2037,4827,66
2038,5069,66
2039,1653,66
2040,1650,66
2041,10364,66
2042,11074,67
2043,11120,67
2044,564,67
2045,555,67
2046,11121,67
2047,11094,67
2048,11117,67
2049,11123,67
2050,577,67
2051,11125,67
2052,1659,68
2053,1647,68
2054,1649,68
2055,1652,68
2056,1654,68
2057,1656,68
2058,1661,68
2059,10064,68
2060,1646,68
2061,1872,68
2062,1865,68
2063,1874,68
2064,1861,68
2065,1859,68
2066,2960,68
2067,1856,68
2068,1862,68
2069,3885,69
2070,2325,69
2071,3883,69
2072,10209,69
2073,5071,69
2074,4888,69
2075,10369,69
2076,1191,69
2077,5052,69
2078,3881,69
2079,4886,69
2080,5049,69
2081,5051,69
2082,1192,69
2083,5074,69
2084,5070,69
2085,4924,69
2086,3758,69
2087,2324,69
2088,10703,69
2089,10710,69
2090,5062,69
2091,5061,69
2092,10736,69
2093,5059,69
2094,5058,69
2095,14051,69
2096,10737,69
2097,10738,69
2098,10739,69
2099,10740,69
2100,10741,69
2101,5068,69
2102,3878,69
2103,3887,69
2104,3903,69
2105,4899,69
2106,1194,69
2107,10338,69
2108,1109,69
2109,10344,69
2110,2828,69
2111,10089,69
2112,11041,69
2113,2713,69
2114,3999,69
2115,4495,69
2116,1193,69
2117,4494,69
2118,2712,69
2119,1190,69
2120,3929,69
2121,3890,69
2122,3911,69
2123,3729,69
2124,3730,69
2125,10686,69
2126,3731,69
2127,3901,69
2128,2711,69
2129,4897,69
2130,1035,69
2131,4896,69
2132,3679,70
2133,1259,70
2134,1263,70
2135,1279,70
2136,1271,70
2137,1280,70
2138,578,70
2139,1268,70
2140,552,70
2141,4842,70
2142,4841,70
2143,6182,70
2144,6157,70
2145,6080,70
2146,6082,70
2147,6084,70
2148,6155,70
2149,6124,70
2150,4843,70
2151,1241,70
2152,2080,71
2153,2077,71
2154,4496,71
2155,11040,71
2156,2742,71
2157,5933,71
2158,10590,71
2159,5971,71
2160,5973,71
2161,4493,71
2162,2973,71
2163,2972,71
2164,2971,71
2165,2083,71
2166,2127,71
2167,3931,71
2168,3879,71
2169,3882,71
2170,3884,71
2171,3886,71
2172,3888,71
2173,3889,71
2174,3902,71
2175,3904,71
2176,3910,71
2177,258,71
2178,2617,71
2179,2618,71
2180,2619,71
2181,2626,71
2182,2634,71
2183,2645,71
2184,2647,71
2185,3930,71
2186,2657,71
2187,2214,71
2188,5115,71
2189,2620,71
2190,10299,71
2191,10231,71
2192,1196,72
2193,4218,72
2194,5993,72
2195,5990,72
2196,2934,72
2197,2933,72
2198,3800,73
2199,10010,73
2200,10031,73
2201,4459,73
2202,4460,73
2203,3700,73
2204,588,73
2205,3671,73
2206,4477,73
2207,3664,73
2208,4475,73
2209,10009,73
2210,4482,73
2211,3579,73
2212,5148,73
2213,5147,73
2214,5146,73
2215,5145,73
2216,3669,73
2217,494,73
2218,481,73
2219,491,73
2220,4189,73
2221,3274,73
2222,4192,73
2223,4222,73
2224,4007,73
2225,2145,73
2226,2170,73
2227,2171,73
2228,2183,73
2229,2184,73
2230,2185,73
2231,2186,73
2232,4312,73
2233,4316,73
2234,4319,73
2235,4320,73
2236,461,73
2237,462,73
2238,463,73
2239,464,73
2240,5143,73
2241,492,73
2242,3524,73
2243,5144,73
2244,5135,73
2245,2633,74
2246,2656,74
2247,5970,74
2248,3697,74
2249,5972,74
2250,2629,74
2251,5113,74
2252,2630,74
2253,2632,74
2254,5107,74
2255,2660,74
2256,2653,74
2257,5112,74
2258,2655,74
2259,2631,74
2260,2628,74
2261,6160,74
2262,10971,74
2263,5114,74
2264,10056,74
2265,10972,74
2266,10057,74
2267,12071,74
2268,5104,74
2269,3670,75
2270,3672,75
2271,11004,75
2272,4220,75
2273,4219,75
2274,3596,75
2275,19081,75
2276,4217,75
2277,6040,75
2278,6042,75
2279,4216,75
2280,3676,75
2281,3501,75
2282,11005,75
2283,3509,75
2284,200305,75
2285,3632,75
2286,4504,75
2287,3507,75
2288,3661,75
2289,3919,75
2290,3506,75
2291,3702,75
2292,3701,75
2293,4035,75
2294,3563,75
2295,749,75
2296,5132,75
2297,3567,75
2298,3568,75
2299,3569,75
2300,3570,75
2301,4038,75
2302,4039,75
2303,3511,75
2304,5988,75
2305,5992,75
2306,563,76
2307,571,76
2308,583,76
2309,5110,77
2310,5109,77
2311,5111,77
2312,5100,77
2313,3834,77
2314,3837,77
2315,3839,77
2316,10166,77
2317,5106,77
2318,5105,77
2319,5108,77
2320,13052,77
2321,5103,77
2322,2521,78
2323,2520,78
2324,2519,78
2325,2518,78
2326,2517,78
2327,2511,78
2328,2508,78
2329,2509,78
2330,2515,78
2331,2514,78
2332,2510,78
2333,2513,78
2334,2516,78
2335,2507,78
2336,10559,78
2337,10562,78
2338,3190,78
2339,3335,78
2340,4902,78
2341,11159,78
2342,3329,78
2343,4901,78
2344,3328,78
2345,4900,78
2346,3193,78
2347,4898,78
2348,3321,78
2349,3194,78
2350,3195,78
2351,6259,78
2352,6260,78
2353,3199,78
2354,3200,78
2355,3201,78
2356,6264,78
2357,6263,78
2358,3319,78
2359,200304,78
2360,4840,78
2361,15000,78
2362,2500,78
2363,2499,78
2364,3762,78
2365,2480,78
2366,2478,78
2367,2454,78
2368,2449,78
2369,2448,78
2370,6262,78
2371,3243,78
2372,3798,78
2373,2326,78
2374,10568,78
2375,10567,78
2376,10566,78
2377,10262,78
2378,10564,78
2379,4837,78
2380,15004,78
2381,4838,78
2382,4839,78
2383,2506,78
2384,2327,78
2385,6261,78
2386,2523,78
2387,636,78
2388,3666,78
2389,2522,78
2390,638,78
2391,4180,78
2392,3680,78
2393,885,78
2394,10523,78
2395,886,78
2396,3527,78
2397,3581,78
2398,2440,79
2399,2384,79
2400,2390,79
2401,3791,79
2402,2423,79
2403,3795,79
2404,10372,79
2405,2350,79
2406,10370,79
2407,2418,79
2408,10362,79
2409,10358,79
2410,3775,79
2411,2347,79
2412,2392,79
2413,1548,79
2414,2410,79
2415,1547,79
2416,561,79
2417,1546,79
2418,10082,80
2419,2290,81
2420,2288,81
2421,3036,81
2422,2296,81
2423,2789,81
2424,2320,81
2425,1044,81
2426,2787,81
2427,2786,81
2428,2322,81
2429,2294,81
2430,3034,81
2431,2250,81
2432,2286,81
2433,62,81
2434,76,81
2435,3031,81
2436,52,81
2437,2112,81
2438,4036,81
2439,3033,81
2440,4040,81
2441,3015,81
2442,13179,81
2443,1146,81
2444,1149,81
2445,1150,81
2446,2248,81
2447,14091,81
2448,1330,81
2449,2282,81
2450,2283,81
2451,5117,81
2452,3011,81
2453,2252,81
2454,2447,81
2455,10493,81
2456,2714,81
2457,2450,81
2458,2452,81
2459,14093,81
2460,5116,81
2461,639,81
2462,3040,81
2463,14092,81
2464,635,81
2465,637,81
2466,2429,81
2467,10427,81
2468,1050,81
2469,10426,81
2470,1054,81
2471,6095,82
2472,1314,82
2473,1311,82
2474,3980,82
2475,6125,82
2476,1309,82
2477,6244,82
2478,6433,82
2479,3899,82
2480,3900,82
2481,6435,82
2482,10929,82
2483,1304,82
2484,4417,82
2485,6427,82
2486,1307,82
2487,1305,82
2488,6022,82
2489,4555,82
2490,3116,82
2491,2731,82
2492,2721,82
2493,3114,82
2494,4552,82
2495,3112,82
2496,6026,82
2497,4557,82
2498,2733,82
2499,5511,83
2500,2907,83
2501,5509,83
2502,5916,83
2503,10973,83
2504,5920,83
2505,5917,83
2506,4179,83
2507,10937,83
2508,5928,83
2509,3486,83
2510,5507,83
2511,14041,84
2512,3189,84
2513,4508,84
2514,3332,84
2515,3333,84
2516,3280,84
2517,3322,84
2518,3324,84
2519,10178,84
2520,4183,84
2521,2959,84
2522,1406,84
2523,3583,84
2524,4780,85
2525,5918,85
2526,5919,85
2527,2900,85
2528,4779,85
2529,3838,85
2530,10936,85
2531,5341,85
2532,5646,85
2533,3483,85
2534,3452,85
2535,5915,85
2536,5346,85
2537,10935,85
2538,1612,85
2539,4803,85
2540,3840,85
2541,1606,85
2542,1605,85
2543,3298,85
2544,1611,86
2545,1607,86
2546,4776,86
2547,4777,86
2548,6126,86
2549,1604,86
2550,10931,86
2551,10928,86
2552,5342,86
2553,4778,86
2554,1403,86
2555,5345,86
2556,3050,86
2557,4709,86
2558,3891,86
2559,3893,86
2560,1310,86
2561,10363,86
2562,1316,86
2563,1312,86
2564,1413,86
2565,1411,86
2566,4419,86
2567,1306,86
2568,1308,86
2569,4142,87
2570,4143,87
2571,4141,87
2572,4144,87
2573,200309,87
2574,14020,87
2575,6153,87
2576,10560,87
2577,14022,87
2578,10561,87
2579,4148,87
2580,4176,87
2581,4173,87
2582,6115,87
2583,6111,87
2584,4169,87
2585,3472,87
2586,4203,87
2587,3471,87
2588,4147,87
2589,10326,87
2590,10563,87
2591,4202,87
2592,4201,87
2593,3469,87
2594,3468,87
2595,4149,87
2596,31,87
2597,1105,87
2598,4172,87
2599,1195,87
2600,3479,87
2601,3475,87
2602,3476,87
2603,3477,87
2604,3478,87
2605,10148,87
2606,11236,87
2607,3484,87
2608,4122,87
2609,10423,87
2610,3523,87
2611,10565,87
2612,10175,87
2613,10650,87
2614,10649,87
2615,10647,87
2616,10644,87
2617,10569,87
2618,10571,87
2619,3799,87
2620,3474,87
2621,643,87
2622,5734,87
2623,3518,87
2624,3473,87
2625,3521,87
2626,3528,87
2627,5818,87
2628,3541,87
2629,3534,87
2630,3535,87
2631,3539,87
2632,10906,87
2633,3517,87
2634,2321,88
2635,3010,88
2636,2323,88
2637,12047,88
2638,3030,88
2639,2064,88
2640,3014,88
2641,2291,88
2642,3435,88
2643,2289,88
2644,3039,88
2645,6243,88
2646,3037,88
2647,3032,88
2648,12089,88
2649,3041,88
2650,2297,88
2651,2249,88
2652,2251,88
2653,2284,88
2654,2285,88
2655,2287,88
2656,5652,88
2657,10926,89
2658,5930,89
2659,4187,89
2660,15645,89
2661,5651,89
2662,13060,90
2663,14072,90
2664,14073,90
2665,14068,90
2666,14069,90
2667,14076,90
2668,14074,90
2669,14071,90
2670,4006,90
2671,157,90
2672,5822,90
2673,14070,90
2674,14075,90
2675,10574,90
2676,2141,91
2677,4026,91
2678,2146,91
2679,2166,91
2680,2167,91
2681,2172,91
2682,5211,92
2683,5183,92
2684,2131,92
2685,2129,92
2686,2124,92
2687,5566,92
2688,5210,92
2689,5766,92
2690,11322,93
2691,10584,93
2692,3998,93
2693,14077,93
2694,1799,93
2695,1331,93
2696,20448,93
2697,14078,93
2698,2716,93
2699,14081,93
2700,14079,93
2701,14083,93
2702,14084,93
2703,14085,93
2704,1053,93
2705,200308,93
2706,14082,93
2707,1049,93
2708,4771,94
2709,6330,94
2710,4770,94
2711,13078,94
2712,1727,94
2713,1728,94
2714,1725,94
2715,6331,94
2716,6353,94
2717,6336,94
2718,6340,94
2719,6341,94
2720,6343,94
2721,1731,94
2722,6369,94
2723,6586,94
2724,6589,94
2725,6335,94
2726,1741,94
2727,4025,94
2728,1759,94
2729,13080,94
2730,13081,94
2731,1757,94
2732,13082,94
2733,13125,94
2734,13126,94
2735,13079,94
2736,2173,94
2737,2165,94
2738,13076,94
2739,2724,94
2740,2164,94
2741,2140,94
2742,1761,94
2743,2130,94
2744,2128,94
2745,2730,94
2746,2732,94
2747,2144,94
2748,5331,95
2749,6588,95
2750,5508,95
2751,5375,95
2752,10023,95
2753,5506,95
2754,5180,95
2755,6587,95
2756,5334,95
2757,5510,95
2758,6348,95
2759,6370,95
2760,6352,95
2761,3482,95
2762,6344,95
2763,6342,95
2764,6339,95
2765,6334,95
2766,6333,95
2767,6329,95
2768,3451,95
2769,3297,95
2770,3338,95
2771,3339,95
2772,3341,95
2773,6584,95
2774,3441,95
2775,6332,95
2776,10836,95
2777,10210,96
2778,6027,96
2779,14060,96
2780,2728,96
2781,6023,96
2782,2726,96
2783,2720,96
2784,4472,96
2785,10261,96
2786,5700,96
2787,5715,96
2788,1313,96
2789,3954,96
2790,3953,96
2791,3952,96
2792,3951,96
2793,2718,96
2794,5214,96
2795,3989,96
2796,6096,96
2797,3375,96
2798,6161,97
2799,3110,97
2800,3113,97
2801,3115,97
2802,3117,97
2803,12079,98
2804,13040,98
2805,5733,98
2806,10893,98
2807,12073,98
2808,5329,98
2809,5752,98
2810,10468,98
2811,10469,98
2812,5330,98
2813,12109,98
2814,11213,98
2815,4975,98
2816,12077,98
2817,12075,98
2818,5332,98
2819,1870,98
2820,1868,98
2821,10872,98
2822,1152,99
2823,1151,99
2824,1147,99
2825,10479,99
2826,10480,99
2827,1758,99
2828,10481,99
2829,10433,99
2830,4772,99
2831,4769,99
2832,1201,99
2833,11401,99
2834,1726,99
2835,1740,99
2836,1729,99
2837,1760,99
2838,1756,99
2839,1148,99
2840,10482,99
2841,1217,99
2842,1730,99
2843,1071,99
2844,3211,99
2845,1027,99
2846,10483,99
2847,10490,99
2848,10489,99
2849,10488,99
2850,6351,99
2851,5215,99
2852,5217,99
2853,5219,99
2854,6350,99
2855,1636,99
2856,10507,99
2857,10506,99
2858,3092,99
2859,10503,99
2860,1102,99
2861,10491,99
2862,10494,99
2863,10495,99
2864,10504,99
2865,1613,99
2866,10502,99
2867,10014,99
2868,10499,99
2869,6436,100
2870,1782,100
2871,6394,100
2872,6395,100
2873,6397,100
2874,1775,100
2875,6400,100
2876,1778,100
2877,6434,100
2878,6428,100
2879,6086,100
2880,1770,100
2881,1771,100
2882,10324,100
2883,10671,100
2884,6426,100
2885,4726,100
2886,10572,100
2887,4727,100
2888,4738,100
2889,4490,100
2890,4737,100
2891,4729,100
2892,4734,100
2893,4731,100
2894,1617,101
2895,11211,101
2896,4616,101
2897,4614,101
2898,4721,101
2899,4722,101
2900,12108,101
2901,1565,101
2902,4976,101
2903,1597,101
2904,1600,101
2905,5348,101
2906,5350,101
2907,10192,101
2908,2715,101
2909,144,102
2910,2428,102
2911,6246,102
2912,6248,102
2913,6252,102
2914,6250,102
2915,3485,103
2916,4121,103
2917,6116,103
2918,6109,103
2919,4123,103
2920,10651,103
2921,4228,103
2922,10934,103
2923,10940,104
2924,6087,104
2925,3811,105
2926,2245,105
2927,10716,105
2928,10558,105
2929,10599,105
2930,4178,105
2931,4177,105
2932,1867,105
2933,5321,105
2934,1059,105
2935,1869,105
2936,10673,105
2937,6401,106
2938,11333,106
2939,10021,106
2940,10020,106
2941,10018,106
2942,5757,106
2943,4739,106
2944,4730,106
2945,4728,106
2946,4725,106
2947,3408,106
2948,6396,106
2949,10258,106
2950,11233,106
2951,3294,106
2952,6047,106
2953,10413,106
2954,10412,106
2955,3403,106
2956,6045,106
2957,3246,106
2958,3406,106
2959,3295,106
2960,6048,106
2961,1953,107
2962,6539,108
2963,6541,108
2964,10212,108
2965,6520,108
2966,2729,108
2967,2727,108
2968,6448,108
2969,10217,108
2970,2725,108
2971,3238,108
2972,10214,108
2973,6446,108
2974,6444,108
2975,2503,108
2976,6535,108
2977,2388,108
2978,2719,108
2979,10015,108
2980,10025,108
2981,10186,108
2982,3448,108
2983,3446,108
2984,10063,108
2985,5893,108
2986,10557,108
2987,2235,108
2988,2926,109
2989,2927,109
2990,10410,109
2991,2961,109
2992,2928,109
2993,2929,109
2994,2931,109
2995,11198,109
2996,2915,109
2997,2956,109
2998,2963,109
2999,11197,109
3000,3107,109
3001,10371,109
3002,3619,109
3003,3616,109
3004,1031,109
3005,3610,109
3006,3611,109
3007,3612,109
3008,3106,109
3009,4826,110
3010,10892,110
3011,10672,110
3012,4824,110
3013,5610,110
3014,5571,110
3015,10894,110
3016,1637,110
3017,10431,110
3018,4825,110
3019,10614,110
3020,4823,110
3021,1614,110
3022,4175,110
3023,6466,110
3024,6245,111
3025,6247,111
3026,6251,111
3027,4834,111
3028,4835,111
3029,6249,111
3030,4775,111
3031,10106,111
3032,3240,112
3033,1780,112
3034,1776,112
3035,10259,112
3036,10256,112
3037,1768,112
3038,11241,112
3039,3404,112
3040,3407,112
3041,3409,112
3042,11335,112
3043,10000,112
3044,3293,112
3045,4755,112
3046,10578,112
3047,10322,112
3048,1538,112
3049,2607,113
3050,5349,113
3051,10648,113
3052,1618,113
3053,1952,113
3054,10645,113
3055,2612,113
3056,10646,113
3057,10144,113
3058,5347,113
3059,10907,113
3060,2613,113
3061,2837,113
3062,10230,113
3063,4977,113
3064,2602,113
3065,2605,113
3066,6154,113
3067,2615,113
3068,2835,113
3069,10233,113
3070,4979,113
3071,2609,113
3072,10235,113
3073,10234,113
3074,6005,114
3075,4199,114
3076,13062,114
3077,6010,114
3078,13019,114
3079,6199,114
3080,6012,114
3081,6014,114
3082,10213,114
3083,10215,114
3084,6007,114
3085,4197,114
3086,3212,114
3087,5892,114
3088,6008,114
3089,14089,114
3090,14088,114
3091,14086,114
3092,14087,114
3093,6017,114
3094,3988,115
3095,3445,115
3096,4348,115
3097,10598,115
3098,717,115
3099,480,115
3100,10351,115
3101,712,115
3102,4000,115
3103,10715,115
3104,485,115
3105,1769,115
3106,5097,115
3107,716,115
3108,3447,115
3109,718,115
3110,482,115
3111,483,115
3112,11096,116
3113,4137,116
3114,3588,116
3115,3587,116
3116,3455,116
3117,11184,116
3118,4136,116
3119,11185,116
3120,11186,116
3121,11091,116
3122,11187,116
3123,11093,116
3124,4978,116
3125,11201,116
3126,2611,116
3127,2614,116
3128,13045,116
3129,4140,116
3130,2601,116
3131,2610,116
3132,11114,116
3133,4980,116
3134,4138,116
3135,11110,116
3136,11092,116
3137,2604,116
3138,4134,116
3139,4163,116
3140,10100,116
3141,11112,116
3142,5931,116
3143,11180,116
3144,5935,116
3145,11097,116
3146,2606,116
3147,11113,116
3148,11090,116
3149,11182,116
3150,11183,116
3151,10122,116
3152,4139,116
3153,10123,116
3154,11181,116
3155,4135,116
3156,11111,116
3157,11109,116
3158,12034,116
3159,12035,116
3160,2608,116
3161,2616,116
3162,6013,117
3163,6011,117
3164,6015,117
3165,6016,117
3166,11174,117
3167,6006,117
3168,6004,117
3169,11173,117
3170,14104,117
3171,11175,117
3172,6009,117
3173,5096,118
3174,5418,118
3175,5606,119
3176,5327,119
3177,5671,120
3178,10500,120
3179,15754,120
3180,14017,120
3181,2246,120
3182,10965,120
3183,14018,120
3184,3787,120
3185,1398,120
3186,3785,120
3187,4015,120
3188,3784,120
3189,10211,120
3190,10239,120
3191,3783,120
3192,10959,120
3193,1913,121
3194,1912,121
3195,1916,121
3196,3262,121
3197,1911,121
3198,1915,121
3199,484,121
3200,1922,121
3201,10407,121
3202,10408,121
3203,10632,121
3204,1924,121
3205,3991,121
3206,1910,121
3207,916,121
3208,5141,121
3209,5140,121
3210,785,121
3211,715,121
3212,714,121
3213,1918,121
3214,3266,121
3215,478,121
3216,713,121
3217,1786,121
3218,1785,121
3219,1772,121
3220,6489,121
3221,1752,121
3222,6558,121
3223,1751,121
3224,3437,121
3225,1791,121
3226,10049,121
3227,1881,121
3228,6564,121
3229,6568,121
3230,6571,121
3231,6574,121
3232,4214,121
3233,486,121
3234,4212,121
3235,6562,121
3236,1794,121
3237,4486,121
3238,10325,121
3239,10352,121
3240,10637,121
3241,6561,122
3242,5528,122
3243,11205,122
3244,6557,122
3245,5527,122
3246,2798,122
3247,6488,122
3248,6563,122
3249,2682,122
3250,2687,122
3251,10307,122
3252,6569,122
3253,619,122
3254,6570,122
3255,5560,122
3256,5530,122
3257,6575,122
3258,10406,122
3259,10438,122
3260,2862,123
3261,2861,123
3262,6019,123
3263,3265,123
3264,10441,123
3265,2860,123
3266,5142,123
3267,5526,123
3268,5672,123
3269,2695,123
3270,2859,123
3271,1662,123
3272,3438,123
3273,2694,123
3274,10633,123
3275,5997,123
3276,6021,123
3277,2826,123
3278,5995,123
3279,3261,123
3280,5561,123
3281,2830,123
3282,2831,123
3283,4872,123
3284,4873,123
3285,13063,123
3286,2829,123
3287,10636,123
3288,6001,123
3289,5999,123
3290,5529,123
3291,4879,123
3292,6003,123
3293,4876,124
3294,4874,124
3295,4878,124
3296,3105,124
3297,3104,124
3298,3103,124
3299,1884,124
3300,4875,124
3301,4885,124
3302,3802,124
3303,4887,124
3304,6461,124
3305,1414,124
3306,1371,124
3307,1369,124
3308,6600,124
3309,1367,124
3310,6201,124
3311,10132,124
3312,11196,125
3313,3614,125
3314,3613,125
3315,11199,125
3316,5609,125
3317,3615,125
3318,3617,125
3319,1030,125
3320,1048,125
3321,1028,125
3322,2964,125
3323,2925,125
3324,10150,125
3325,2957,125
3326,2924,125
3327,3618,125
3328,2962,125
3329,2913,125
3330,2912,125
3331,1037,125
3332,2922,125
3333,10151,125
3334,1807,126
3335,3385,126
3336,3389,126
3337,10837,126
3338,2785,126
3339,3208,126
3340,3203,126
3341,770,126
3342,11146,126
3343,3370,126
3344,1674,126
3345,2504,126
3346,3414,126
3347,14103,127
3348,6443,127
3349,1590,127
3350,1588,127
3351,6445,127
3352,6447,127
3353,6538,127
3354,4198,127
3355,6523,127
3356,6534,127
3357,2389,127
3358,6540,127
3359,3786,127
3360,3788,127
3361,3796,127
3362,2234,127
3363,4055,127
3364,4869,129
3365,16514,129
3366,4871,129
3367,513,130
3368,509,130
3369,511,130
3370,1587,130
3371,6133,130
3372,4763,130
3373,4764,130
3374,4765,130
3375,4767,130
3376,4768,130
3377,5642,130
3378,6131,130
3379,6129,130
3380,6127,130
3381,6105,130
3382,6103,130
3383,6062,130
3384,6060,130
3385,6058,130
3386,6056,130
3387,10374,130
3388,1585,130
3389,2020,130
3390,1914,131
3391,10668,131
3392,508,131
3393,917,131
3394,510,131
3395,1917,131
3396,20522,131
3397,1925,131
3398,512,131
3399,6121,131
3400,1923,131
3401,1921,131
3402,432,132
3403,1634,132
3404,1632,132
3405,1628,132
3406,1626,132
3407,5998,132
3408,430,132
3409,429,132
3410,424,132
3411,425,132
3412,426,132
3413,427,132
3414,428,132
3415,433,132
3416,431,132
3417,10430,132
3418,10638,132
3419,6020,132
3420,6018,132
3421,6000,132
3422,5899,132
3423,10734,132
3424,10800,132
3425,441,132
3426,14080,132
3427,439,132
3428,440,132
3429,10639,132
3430,5994,132
3431,5996,132
3432,10429,132
3433,10476,132
3434,6002,132
3435,4747,132
3436,4852,132
3437,4882,132
3438,3388,132
3439,3384,132
3440,3371,132
3441,4746,132
3442,4743,132
3443,4847,132
3444,4603,132
3445,4602,132
3446,4848,132
3447,4600,132
3448,4859,132
3449,4849,132
3450,4580,132
3451,4857,132
3452,3759,132
3453,3413,132
3454,4884,133
3455,4862,133
3456,20523,133
3457,4860,133
3458,4170,133
3459,4856,133
3460,4864,133
3461,4855,133
3462,4854,133
3463,10905,133
3464,4850,133
3465,4883,133
3466,6296,133
3467,6230,133
3468,1368,133
3469,1370,133
3470,1412,133
3471,1415,133
3472,3848,133
3473,3857,133
3474,6202,133
3475,1625,133
3476,4851,133
3477,1627,133
3478,1629,133
3479,1631,133
3480,1633,133
3481,6272,133
3482,5673,133
3483,2741,134
3484,761,134
3485,10355,134
3486,4213,134
3487,1644,134
3488,2119,134
3489,10107,134
3490,4713,134
3491,2120,134
3492,2211,134
3493,2117,134
3494,2210,134
3495,2209,134
3496,2208,134
3497,2096,134
3498,2095,134
3499,3209,135
3500,3204,135
3501,5731,135
3502,5684,135
3503,10948,135
3504,3008,135
3505,5391,135
3506,3004,135
3507,3005,135
3508,5355,135
3509,3002,135
3510,1774,136
3511,16513,136
3512,1346,136
3513,1345,136
3514,1342,136
3515,1352,136
3516,10359,136
3517,6270,136
3518,1199,136
3519,3724,136
3520,3723,136
3521,3722,136
3522,3721,136
3523,1197,136
3524,3718,136
3525,6231,136
3526,1373,136
3527,1353,136
3528,1348,136
3529,5607,137
3530,5536,137
3531,10662,138
3532,10498,138
3533,4601,138
3534,1598,138
3535,4599,138
3536,4750,138
3537,4583,138
3538,4612,138
3539,4582,138
3540,4618,138
3541,4751,138
3542,10733,138
3543,139,138
3544,10640,138
3545,149,138
3546,10641,138
3547,1519,139
3548,3781,139
3549,2938,139
3550,10260,139
3551,1518,139
3552,1515,139
3553,2936,139
3554,5325,141
3555,10216,141
3556,3504,141
3557,2006,142
3558,4543,142
3559,6055,142
3560,4539,142
3561,4753,142
3562,4754,142
3563,6059,142
3564,4756,142
3565,6061,142
3566,4757,142
3567,6104,142
3568,6106,142
3569,202018,142
3570,6128,142
3571,6130,142
3572,6132,142
3573,6134,142
3574,506,142
3575,2016,142
3576,2007,142
3577,2009,142
3578,3846,142
3579,19058,142
3580,1558,142
3581,502,142
3582,1554,142
3583,6057,142
3584,504,142
3585,3849,142
3586,19055,142
3587,3851,142
3588,19059,142
3589,3855,142
3590,19053,142
3591,19060,142
3592,3481,142
3593,2014,142
3594,2008,143
3595,505,143
3596,202019,143
3597,2010,143
3598,4171,143
3599,3845,143
3600,507,143
3601,2015,143
3602,2017,143
3603,2005,143
3604,10667,143
3605,503,143
3606,3725,144
3607,5538,144
3608,3726,144
3609,5537,144
3610,10732,144
3611,10137,144
3612,5524,144
3613,10149,144
3614,3727,144
3615,3720,144
3616,1198,144
3617,3719,144
3618,3728,144
3619,1200,144
3620,3761,144
3621,1401,145
3622,1351,145
3623,6044,145
3624,1372,145
3625,1350,145
3626,6046,145
3627,1344,145
3628,1343,145
3629,2910,145
3630,4086,145
3631,4057,145
3632,10380,145
3633,14063,145
3634,14065,145
3635,631,145
3636,14066,145
3637,1347,145
3638,5670,146
3639,10037,146
3640,5732,146
3641,10038,146
3642,12074,146
3643,12076,146
3644,10949,146
3645,11144,146
3646,10467,146
3647,10470,146
3648,5683,146
3649,6158,147
3650,6163,147
3651,1672,147
3652,4194,147
3653,629,148
3654,4597,148
3655,4596,148
3656,4098,148
3657,4759,148
3658,4095,148
3659,4101,148
3660,2917,148
3661,4106,148
3662,4107,148
3663,13039,148
3664,10981,148
3665,10999,148
3666,4091,148
3667,4594,148
3668,11210,148
3669,4399,148
3670,10161,148
3671,3003,148
3672,4590,148
3673,3007,148
3674,3006,148
3675,4588,148
3676,3009,148
3677,11131,149
3678,4500,150
3679,1557,151
3680,1552,151
3681,3905,151
3682,4531,152
3683,4533,152
3684,19061,152
3685,19057,152
3686,19056,152
3687,3356,152
3688,4528,153
3689,6280,153
3690,10977,153
3691,10980,153
3692,10979,153
3693,4058,153
3694,4186,153
3695,200306,153
3696,14064,153
3697,14062,153
3698,4526,153
3699,14067,153
3700,1745,153
3701,10982,153
3702,4054,153
3703,4398,153
3704,4099,154
3705,4100,154
3706,4090,154
3707,4108,154
3708,447,154
3709,454,154
3710,4094,154
3711,4105,154
3712,4591,154
3713,4587,154
3714,10377,154
3715,4589,154
3716,4598,154
3717,4732,154
3718,4733,154
3719,4593,154
3720,4595,154
3721,11019,155
3722,4013,155
3723,14095,156
3724,10138,156
3725,14094,156
3726,4146,156
3727,6159,157
3728,1561,157
3729,6164,157
3730,1563,157
3731,4096,157
3732,4103,157
3733,3906,157
3734,1560,157
3735,4092,157
3736,3578,157
3737,1580,157
3738,1582,157
3739,4521,157
3740,11001,158
3741,5668,158
3742,5669,158
3743,3592,158
3744,3591,158
3745,4145,158
3746,19912,158
3747,2939,158
3748,2937,158
3749,19902,158
3750,321140,159
3751,95,159
3752,4014,159
3753,4499,159
3754,3286,160
3755,3288,160
3756,5261,160
3757,3773,160
3758,10625,160
3759,2911,161
3760,2693,162
3761,10626,162
3762,10447,162
3763,98,162
3764,97,162
3765,4164,162
3766,65,162
3767,60,162
3768,50,162
3769,11028,162
3770,11029,162
3771,2188,162
3772,4166,162
3773,3285,162
3774,6279,162
3775,2836,162
3776,2853,162
3777,2854,162
3778,2838,162
3779,2855,162
3780,2856,162
3781,4481,162
3782,2819,162
3783,2834,162
3784,2857,162
3785,2692,162
3786,2832,162
3787,3292,162
3788,2825,162
3789,10755,162
3790,2833,162
3791,10154,163
3792,6472,163
3793,6473,163
3794,10976,163
3795,4093,163
3796,10366,163
3797,4097,163
3798,4104,163
3799,10156,163
3800,10414,164
3801,6469,164
3802,6474,164
3803,5302,164
3804,10539,165
3805,4523,167
3806,10635,167
3807,895,167
3808,3357,168
3809,3734,168
3810,3735,168
3811,3732,168
3812,1315,169
3813,6099,169
3814,6101,169
3815,1840,169
3816,19901,169
3817,19911,169
3818,6024,169
3819,5445,171
3820,21,171
3821,6605,171
3822,2671,171
3823,2672,171
3824,2675,171
3825,115,171
3826,146,171
3827,168,171
3828,16505,171
3829,2663,171
3830,5419,171
3831,114,171
3832,5929,171
3833,10155,172
3834,4165,172
3835,4167,172
3836,3120,172
3837,6478,172
3838,3123,172
3839,4126,172
3840,4133,172
3841,3852,172
3842,3847,172
3843,3850,172
3844,11135,172
3845,4131,172
3846,4129,172
3847,3594,172
3848,3853,172
3849,2817,172
3850,5545,173
3851,3844,173
3852,5513,173
3853,6122,173
3854,2823,173
3855,5518,173
3856,10298,174
3857,547,174
3858,434,174
3859,2187,174
3860,5512,174
3861,11030,174
3862,5519,174
3863,11031,174
3864,5546,174
3865,5922,175
3866,15658,175
3867,15657,175
3868,5924,175
3869,2688,175
3870,11206,175
3871,2796,175
3872,790,175
3873,2797,175
3874,6212,175
3875,16510,176
3876,16508,176
3877,10925,176
3878,16504,176
3879,1282,177
3880,5834,177
3881,5437,177
3882,5830,177
3883,6137,177
3884,10,177
3885,6053,177
3886,6389,178
3887,3859,178
3888,6386,178
3889,3938,178
3890,4081,179
3891,51720,179
3892,4119,179
3893,5450,179
3894,4083,179
3895,1550,179
3896,5172,179
3897,11264,179
3898,10634,179
3899,61018,180
3900,61003,180
3901,61004,180
3902,2159,180
3903,61012,180
3904,61013,180
3905,61017,180
3906,435,180
3907,1643,180
3908,61001,180
3909,11081,180
3910,11082,180
3911,61000,180
3912,16502,180
3913,11085,180
3914,11089,180
3915,1642,180
3916,61002,180
3917,2809,181
3918,2800,181
3919,2805,181
3920,2801,181
3921,2803,181
3922,2790,181
3923,2799,181
3924,2808,181
3925,2802,181
3926,4970,182
3927,4969,182
3928,6292,182
3929,4968,182
3930,4127,182
3931,3595,182
3932,4128,182
3933,3101,182
3934,3125,182
3935,2471,182
3936,6477,182
3937,10409,182
3938,5829,182
3939,2467,182
3940,2488,182
3941,4130,182
3942,5833,182
3943,2475,182
3944,4132,182
3945,5102,183
3946,11083,183
3947,11080,183
3948,30107,183
3949,11088,183
3950,11084,183
3951,3937,184
3952,1664,184
3953,11265,184
3954,10133,184
3955,6054,184
3956,6138,184
3957,5171,184
3958,5936,184
3959,1285,184
3960,2916,184
3961,920,184
3962,918,184
3963,51710,184
3964,6391,185
3965,6452,185
3966,4018,185
3967,4016,185
3968,6388,185
3969,4011,185
3970,4022,185
3971,4019,185
3972,4718,186
3973,1720,186
3974,1718,186
3975,1744,186
3976,5947,187
3977,2534,187
3978,15656,187
3979,2535,187
3980,2537,187
3981,2538,187
3982,5904,187
3983,5913,187
3984,10515,187
3985,10226,187
3986,10126,187
3987,15659,187
3988,10227,187
3989,10136,187
3990,2526,187
3991,5946,187
3992,2532,187
3993,5949,187
3994,10125,187
3995,10475,187
3996,1753,187
3997,10924,188
3998,4985,188
3999,1393,188
4000,1397,188
4001,2088,189
4002,2133,189
4003,5567,190
4004,11164,190
4005,3278,190
4006,11231,190
4007,5570,190
4008,11221,190
4009,2662,190
4010,2667,190
4011,11191,190
4012,2668,190
4013,997,190
4014,2664,190
4015,5594,190
4016,3658,190
4017,11172,190
4018,3656,190
4019,11193,190
4020,11229,190
4021,11222,190
4022,11189,190
4023,4715,191
4024,4224,192
4025,2469,192
4026,2473,192
4027,2474,192
4028,2470,192
4029,1145,192
4030,10486,192
4031,4223,192
4032,4971,192
4033,10388,192
4034,10487,192
4035,1143,192
4036,4972,192
4037,1142,192
4038,4973,192
4039,4982,192
4040,922,193
4041,921,193
4042,1801,194
4043,4010,194
4044,1719,194
4045,1717,194
4046,2158,195
4047,4956,195
4048,10167,195
4049,2697,195
4050,11169,196
4051,1665,196
4052,3651,196
4053,11130,196
4054,2089,197
4055,4188,197
4056,4124,198
4057,5289,198
4058,4530,198
4059,1839,198
4060,1947,198
4061,5280,198
4062,5278,198
4063,4009,198
4064,5276,198
4065,5274,198
4066,1317,199
4067,4519,199
4068,140,199
4069,6100,199
4070,6102,199
4071,6025,199
4072,5912,201
4073,5921,201
4074,5923,201
4075,6213,201
4076,5275,202
4077,5287,202
4078,5568,202
4079,5569,202
4080,5277,202
4081,5595,202
4082,5273,202
4083,6516,203
4084,6517,203
4085,4151,203
4086,4152,203
4087,6531,203
4088,2439,203
4089,2412,203
4090,2437,203
4091,4153,203
4092,4168,203
4093,2415,203
4094,4162,203
4095,2417,203
4096,4161,203
4097,4160,203
4098,2413,203
4099,4159,203
4100,6533,203
4101,2427,203
4102,4158,203
4103,4157,203
4104,2968,204
4105,5581,204
4106,3630,204
4107,3454,204
4108,3804,204
4109,3628,204
4110,3645,204
4111,3633,204
4112,2970,204
4113,5578,204
4114,3641,204
4115,6135,204
4116,1742,204
4117,10199,205
4118,10119,205
4119,6432,205
4120,1186,205
4121,1185,205
4122,1181,205
4123,14102,206
4124,1066,206
4125,13085,206
4126,3450,206
4127,13086,206
4128,6385,206
4129,13087,206
4130,11251,206
4131,11253,206
4132,11255,206
4133,4708,206
4134,2414,207
4135,10393,207
4136,6530,207
4137,2438,207
4138,1773,207
4139,10395,207
4140,6532,207
4141,6518,207
4142,2416,207
4143,10392,207
4144,2424,207
4145,1838,208
4146,1835,208
4147,5576,208
4148,5598,208
4149,3434,209
4150,10013,209
4151,12065,210
4152,1796,210
4153,10090,210
4154,11188,210
4155,11170,210
4156,11165,210
4157,5897,210
4158,11230,210
4159,10198,210
4160,1777,210
4161,5914,210
4162,4941,210
4163,11223,210
4164,3655,210
4165,3657,210
4166,3858,210
4167,4082,211
4168,4115,211
4169,4118,211
4170,3654,213
4171,11167,213
4172,3202,213
4173,5137,214
4174,5942,215
4175,906,215
4176,10043,216
4177,11380,216
4178,1182,216
4179,1005,216
4180,1187,216
4181,10071,216
4182,10600,217
4183,5828,217
4184,12105,217
4185,11250,217
4186,11252,217
4187,11254,217
4188,5204,217
4189,1798,218
4190,5201,218
4191,5182,218
4192,3442,218
4193,5827,218
4194,3449,218
4195,4060,218
4196,5205,218
4197,10601,218
4198,5268,219
4199,5253,219
4200,5246,219
4201,5258,219
4202,5266,219
4203,5243,219
4204,4268,219
4205,5597,220
4206,5235,220
4207,5181,220
4208,2818,221
4209,5558,221
4210,2824,221
4211,5296,222
4212,5292,222
4213,5247,222
4214,5264,222
4215,5248,222
4216,5267,222
4217,5242,222
4218,5254,222
4219,5239,222
4220,5257,222
4221,1583,223
4222,3956,223
4223,5539,223
4224,253,225
4225,262,225
4226,11226,225
4227,265,225
4228,5559,225
4229,199001,225
4230,240,225
4231,5297,226
4232,4085,226
4233,5293,226
4234,5281,226
4235,4059,226
4236,488,227
4237,6418,227
4238,4078,227
4239,487,227
4240,19073,228
4241,1837,228
4242,2969,228
4243,1836,228
4244,3643,228
4245,4271,228
4246,3453,228
4247,3644,228
4248,3629,228
4249,3627,228
4250,1831,228
4251,4267,228
4252,2967,228
4253,3631,228
4254,238,228
4255,235,228
4256,3634,228
4257,3948,229
4258,3256,229
4259,5307,229
4260,6136,229
4261,11076,229
4262,3444,229
4263,3865,229
4264,3255,229
4265,11100,229
4266,3249,229
4267,3866,229
4268,11127,229
4269,5540,229
4270,3320,229
4271,11106,229
4272,11079,229
4273,3554,229
4274,3868,229
4275,5265,232
4276,4053,232
4277,4613,233
4278,1599,233
4279,3949,233
4280,3863,233
4281,3864,233
4282,2894,234
4283,10240,234
4284,2807,234
4285,2804,234
4286,2810,234
4287,2806,234
4288,2793,235
4289,2791,235
4290,4483,235
4291,2944,235
4292,2795,235
4293,2794,235
4294,2792,235
4295,6358,235
4296,5582,236
4297,4585,237
4298,11102,238
4299,11078,238
4300,11128,238
4301,3443,238
4302,3553,238
4303,3250,238
4304,11077,238
4305,4077,239
4306,1957,239
4307,10930,239
4308,4760,239
4309,5079,239
4310,4703,240
4311,6399,240
4312,5284,240
4313,5080,241
4314,11225,241
4315,1956,241
4316,10827,241
4317,256,241
4318,263,241
4319,1961,241
4320,232,241
4321,808,241
4322,10425,242
4323,2648,242
4324,1895,242
4325,2622,242
4326,5451,243
4327,10828,243
4328,2101,243
4329,3205,243
4330,3276,244
4331,5090,245
4332,2069,245
4333,5089,245
4334,11258,246
4335,5285,246
4336,1006,246
4337,3593,246
4338,3875,247
4339,11070,247
4340,5043,247
4341,4478,247
4342,10526,247
4343,3877,247
4344,11239,247
4345,4476,247
4346,5041,247
4347,5031,247
4348,2690,248
4349,1014,250
4350,6407,250
4351,1722,252
4352,1724,252
4353,1683,252
4354,1692,252
4355,1685,252
4356,1688,252
4357,6398,252
4358,1690,252
4359,10527,253
4360,6457,253
4361,3955,253
4362,5323,253
4363,5091,254
4364,5095,254
4365,4984,254
4366,923,254
4367,5093,254
4368,5092,254
4369,924,255
4370,905,255
4371,3087,256
4372,3088,256
4373,10141,256
4374,10027,256
4375,1405,256
4376,3861,256
4377,10145,257
4378,3086,257
4379,3085,257
4380,118,257
4381,10146,257
4382,11012,257
4383,122,257
4384,1416,257
4385,6404,258
4386,2689,258
4387,11139,258
4388,2564,258
4389,2567,258
4390,6458,258
4391,2562,258
4392,10183,258
4393,6295,258
4394,6237,258
4395,10196,259
4396,2253,259
4397,5991,259
4398,6238,259
4399,10835,259
4400,6236,259
4401,10270,260
4402,11045,260
4403,10271,260
4404,10272,260
4405,10273,260
4406,11059,260
4407,3459,260
4408,4934,260
4409,4933,260
4410,4932,260
4411,10104,260
4412,11027,260
4413,11047,260
4414,11049,260
4415,11058,260
4416,11053,260
4417,11056,260
4418,11051,260
4419,5025,261
4420,5027,261
4421,5087,261
4422,2070,261
4423,90,261
4424,2946,261
4425,5086,261
4426,11039,262
4427,1689,262
4428,4498,262
4429,1687,262
4430,1723,262
4431,1721,262
4432,6215,262
4433,1686,262
4434,1684,262
4435,5926,262
4436,1693,262
4437,6204,262
4438,2975,263
4439,3874,263
4440,1670,263
4441,2654,264
4442,1442,264
4443,1363,264
4444,1439,264
4445,1365,264
4446,1445,264
4447,2621,264
4448,1447,264
4449,2627,264
4450,11260,265
4451,5943,265
4452,5826,265
4453,2974,265
4454,4936,266
4455,6313,266
4456,5825,266
4457,4935,266
4458,5220,266
4459,10679,266
4460,3082,266
4461,3873,267
4462,3872,267
4463,11194,267
4464,874,267
4465,11042,267
4466,3192,268
4467,5958,268
4468,3191,268
4469,2574,269
4470,11261,269
4471,2575,269
4472,2573,269
4473,10182,269
4474,4447,270
4475,11048,270
4476,11060,270
4477,11057,270
4478,5905,270
4479,10534,270
4480,11055,270
4481,11054,270
4482,11052,270
4483,11050,270
4484,11046,270
4485,5944,270
4486,11032,270
4487,2192,271
4488,4230,272
4489,10394,273
4490,2206,273
4491,2433,273
4492,5957,273
4493,11209,274
4494,10143,274
4495,1334,274
4496,1337,274
4497,1356,274
4498,10384,275
4499,3422,275
4500,2691,275
4501,3456,275
4502,1855,275
4503,5035,276
4504,248,276
4505,5038,276
4506,5045,276
4507,11158,277
4508,1663,278
4509,11115,278
4510,10197,279
4511,123,279
4512,5028,280
4513,553,280
4514,2945,280
4515,1517,281
4516,10497,281
4517,1444,281
4518,1443,281
4519,1362,281
4520,1676,281
4521,1448,281
4522,1364,281
4523,1440,281
4524,2425,282
4525,1695,282
4526,1696,282
4527,166,282
4528,1681,282
4529,10316,282
4530,167,283
4531,237,283
4532,6242,283
4533,2113,283
4534,6302,283
4535,239,283
4536,6240,283
4537,6327,283
4538,6326,283
4539,19068,286
4540,1666,287
4541,5077,287
4542,2822,288
4543,163,289
4544,5082,289
4545,6234,289
4546,1540,290
4547,11038,290
4548,11116,290
4549,2554,291
4550,6241,291
4551,2555,291
4552,6325,291
4553,6239,291
4554,1333,291
4555,1341,291
4556,10179,291
4557,1354,291
4558,3461,292
4559,4717,292
4560,2584,293
4561,2580,293
4562,998,293
4563,2579,293
4564,2578,293
4565,14024,293
4566,250,294
4567,1854,294
4568,11071,295
4569,1682,298
4570,1694,298
4571,1697,298
4572,1698,298
4573,4805,299
4574,4912,299
4575,11104,299
4576,4804,299
4577,4808,299
4578,4806,299
4579,4893,299
4580,4913,299
4581,4891,299
4582,4892,299
4583,5979,300
4584,2559,300
4585,2558,300
4586,2557,300
4587,5977,300
4588,5976,301
4589,5978,301
4590,4710,301
4591,4716,301
4592,4714,301
4593,10437,302
4594,1878,302
4595,4822,302
4596,4890,302
4597,4820,302
4598,4818,302
4599,4889,302
4600,6203,304
4601,5371,304
4602,3932,304
4603,5925,304
4604,6414,305
4605,6411,305
4606,6235,306
4607,2004,306
4608,860,306
4609,10022,307
4610,1506,309
4611,1578,310
4612,10920,310
4613,3258,311
4614,6406,312
4615,1571,312
4616,13182,312
4617,4922,312
4618,11137,313
4619,2457,313
4620,829,313
4621,2566,313
4622,827,313
4623,823,313
4624,11151,313
4625,11149,313
4626,2459,313
4627,11148,313
4628,3259,313
4629,11153,313
4630,2487,313
4631,2482,313
4632,2460,313
4633,2965,313
4634,4113,314
4635,4111,314
4636,1504,314
4637,131,316
4638,132,316
4639,134,316
4640,3996,316
4641,133,316
4642,6311,317
4643,6309,317
4644,3057,317
4645,3058,317
4646,6419,317
4647,2461,317
4648,2022,318
4649,40,318
4650,3,319
4651,12068,320
4652,12069,320
4653,4492,320
4654,12067,320
4655,12066,320
4656,5980,320
4657,1882,320
4658,875,321
4659,821,321
4660,828,321
4661,6308,321
4662,11215,322
4663,11214,322
4664,100,324
4665,6415,324
4666,6410,324
4667,6297,325
4668,11192,326
4669,11220,326
4670,11190,326
4671,2569,327
4672,2484,327
4673,2462,327
4674,2483,327
4675,14099,327
4676,3649,329
4677,3648,329
4678,3650,330
4679,2067,331
4680,10174,332
4681,11208,332
4682,6310,333
4683,6085,333
4684,5534,334
4685,19072,334
4686,5120,335
4687,5119,335
4688,5128,335
4689,5121,335
4690,5126,335
4691,5127,335
4692,888,336
4693,2038,336
4694,2036,336
4695,2033,336
4696,2028,336
4697,2032,336
4698,836,336
4699,2436,337
4700,3764,337
4701,51696,337
4702,5981,337
4703,2821,337
4704,2941,337
4705,3763,337
4706,3647,337
4707,3646,337
4708,2355,337
4709,3768,337
4710,2339,337
4711,2356,337
4712,10411,337
4713,5300,338
4714,5301,338
4715,2099,338
4716,5564,339
4717,4705,340
4718,5963,340
4719,5962,340
4720,4704,340
4721,5960,340
4722,10309,341
4723,3765,341
4724,2381,341
4725,2148,341
4726,2453,341
4727,2432,341
4728,2382,341
4729,3766,341
4730,3767,341
4731,2074,342
4732,2681,342
4733,99,342
4734,10228,343
4735,2068,343
4736,6459,343
4737,6456,343
4738,6460,344
4739,6455,344
4740,2086,344
4741,4938,346
4742,1505,346
4743,162,346
4744,4116,347
4745,6275,347
4746,1503,347
4747,3755,347
4748,19071,347
4749,3754,347
4750,4112,347
4751,5966,348
4752,5964,348
4753,5961,348
4754,4501,348
4755,2100,349
4756,1361,350
4757,4937,351
4758,2678,351
4759,11152,353
4760,2966,353
4761,11147,353
4762,11150,353
4763,11134,353
4764,1118,354
4765,3737,354
4766,4983,354
4767,11133,354
4768,3738,354
4769,3740,354
4770,1056,354
4771,1117,354
4772,2680,354
4773,1116,354
4774,1811,355
4775,1814,355
4776,1818,355
4777,1820,355
4778,10432,355
4779,1824,355
4780,1826,355
4781,3748,356
4782,4918,356
4783,6403,358
4784,2434,358
4785,6390,358
4786,11105,359
4787,2149,359
4788,2021,359
4789,6405,359
4790,11107,359
4791,898,359
4792,1610,360
4793,2699,360
4794,6276,361
4795,1114,361
4796,1112,361
4797,1113,361
4798,1115,361
4799,4981,362
4800,2204,363
4801,11262,364
4802,4925,365
4803,6378,365
4804,2075,365
4805,6387,365
4806,864,366
4807,868,366
4808,1360,367
4809,2951,367
4810,10101,368
4811,3513,369
4812,3515,369
4813,3557,369
4814,5903,369
4815,3552,369
4816,10516,369
4817,210,369
4818,10368,370
4819,2683,371
4820,10682,371
4821,1092,371
4822,1039,371
4823,1022,371
4824,1093,371
4825,3746,378
4826,3747,378
4827,14023,378
4828,2037,380
4829,887,380
4830,869,380
4831,2031,380
4832,130,380
4833,2035,380
4834,2030,380
4835,856,380
4836,5932,382
4837,5901,382
4838,5938,382
4839,2132,382
4840,5098,383
4841,180,383
4842,178,383
4843,172,383
4844,155,384
4845,5902,384
4846,5697,385
4847,5934,386
4848,5937,386
4849,11259,387
4850,10168,388
4851,10162,390
4852,1499,390
4853,6412,391
4854,6408,391
4855,19079,391
4856,1492,391
4857,1823,392
4858,1821,392
4859,1812,392
4860,1813,392
4861,1819,392
4862,1825,392
4863,61,392
4864,1817,392
4865,1830,394
4866,645,394
4867,10153,394
4868,148,396
4869,2700,398
4870,5076,398
4871,2704,398
4872,10799,400
4873,5123,401
4874,5124,404
4875,870,404
4876,1996,404
4877,863,407
4878,2379,407
4879,10341,407
4880,2371,407
4881,2370,407
4882,10335,407
4883,861,407
4884,2703,410
4885,2705,410
4886,2710,411
4887,10160,411
4888,1486,411
4889,1490,411
4890,1487,411
4891,2708,411
4892,872,413
4893,6413,414
4894,1495,415
4895,3756,417
4896,94,417
4897,3067,417
4898,1001,418
4899,6278,419
4900,231,422
4901,2228,422
4902,2241,422
4903,1829,422
4904,11026,422
4905,2702,423
4906,2707,423
4907,212,423
4908,2115,424
4909,5286,424
4910,3992,425
4911,16512,426
4912,11162,428
4913,11061,429
4914,1608,429
4915,6299,429
4916,210919,429
4917,19094,430
4918,2001,431
4919,1998,431
4920,2114,431
4921,6277,432
4922,2084,433
4923,2000,434
4924,1488,436
4925,2233,436
4926,1485,436
4927,2236,436
4928,2242,436
4929,10152,436
4930,2346,437
4931,2342,437
4932,783,437
4933,5085,437
4934,2344,437
4935,5410,438
4936,5408,438
4937,13047,438
4938,5461,438
4939,5412,438
4940,5464,438
4941,5453,438
4942,5465,438
4943,5455,438
4944,10974,438
4945,10997,438
4946,12070,438
4947,5317,438
4948,5406,438
4949,10992,438
4950,11157,439
4951,3958,440
4952,3969,440
4953,10702,441
4954,3171,441
4955,3166,441
4956,3136,441
4957,516,441
4958,996,442
4959,64,444
4960,3957,444
4961,11033,444
4962,3968,444
4963,4406,444
4964,4410,444
4965,10688,444
4966,5806,445
4967,4405,445
4968,5900,446
4969,5950,446
4970,16507,447
4971,1828,447
4972,2995,447
4973,84,447
4974,4929,447
4975,2316,447
4976,10303,448
4977,4675,448
4978,4669,448
4979,4650,448
4980,4656,448
4981,4665,448
4982,4663,448
4983,4647,448
4984,4657,448
4985,4671,448
4986,10378,448
4987,765,448
4988,13130,450
4989,6576,450
4990,6337,450
4991,4052,450
4992,4070,450
4993,3367,450
4994,4068,450
4995,6470,450
4996,16509,450
4997,4065,450
4998,10016,450
4999,6578,450
5000,6582,450
5001,13030,451
5002,6583,451
5003,1009,451
5004,4867,451
5005,4880,451
5006,6577,451
5007,6482,452
5008,6480,452
5009,6464,452
5010,2723,453
5011,10990,453
5012,10991,453
5013,10718,453
5014,1026,453
5015,10803,453
5016,10993,453
5017,10995,453
5018,1497,454
5019,13043,455
5020,10998,455
5021,10975,455
5022,10968,455
5023,10386,455
5024,5466,455
5025,5452,455
5026,5405,455
5027,5407,455
5028,5462,455
5029,5411,455
5030,5454,455
5031,5409,455
5032,5463,455
5033,10918,456
5034,10654,456
5035,10911,456
5036,8015,456
5037,10655,456
5038,1833,456
5039,4066,457
5040,4069,457
5041,10017,457
5042,4193,457
5043,1964,457
5044,4067,457
5045,3366,457
5046,4051,457
5047,135,458
5048,4651,459
5049,4688,459
5050,4691,459
5051,4693,459
5052,763,459
5053,10761,459
5054,4682,459
5055,4655,459
5056,6300,459
5057,10923,459
5058,4648,459
5059,4678,459
5060,4684,459
5061,3842,460
5062,4877,461
5063,19080,461
5064,3944,462
5065,56,462
5066,1965,462
5067,10164,464
5068,5965,465
5069,3052,465
5070,3351,465
5071,10901,465
5072,2722,465
5073,3364,465
5074,1008,466
5075,1946,468
5076,2986,468
5077,838,468
5078,3779,468
5079,1043,470
5080,13058,470
5081,10505,470
5082,1041,470
5083,1015,471
5084,2994,472
5085,2318,472
5086,4930,472
5087,999,472
5088,519,473
5089,3843,473
5090,10904,473
5091,859,473
5092,10708,473
5093,4807,473
5094,4080,473
5095,3172,473
5096,3063,475
5097,10810,476
5098,202462,476
5099,1609,476
5100,10719,476
5101,4397,476
5102,10996,476
5103,10994,476
5104,4396,476
5105,10826,476
5106,1024,476
5107,5403,477
5108,6572,477
5109,11343,477
5110,10695,477
5111,10763,477
5112,10765,477
5113,10898,477
5114,10538,478
5115,4821,478
5116,10536,478
5117,1832,479
5118,3148,480
5119,10396,480
5120,3169,480
5121,3145,480
5122,3168,480
5123,4782,480
5124,2024,481
5125,2023,482
5126,4404,484
5127,520,484
5128,1002,484
5129,4479,484
5130,1827,485
5131,3421,485
5132,4923,485
5133,5967,485
5134,779,486
5135,1949,486
5136,3780,487
5137,1004,488
5138,1457,490
5139,3412,492
5140,2987,493
5141,5404,494
5142,10310,494
5143,6463,494
5144,4403,494
5145,1498,494
5146,4480,494
5147,10067,494
5148,6479,494
5149,2980,495
5150,10058,496
5151,746,496
5152,4987,496
5153,4506,496
5154,1086,496
5155,747,496
5156,4993,496
5157,4997,496
5158,1162,496
5159,1084,496
5160,1081,496
5161,4510,496
5162,5428,497
5163,8019,497
5164,11323,497
5165,10912,497
5166,207,497
5167,205,497
5168,10915,497
5169,3350,497
5170,10902,497
5171,10653,497
5172,3360,497
5173,3376,497
5174,4788,497
5175,10575,497
5176,10533,497
5177,4076,497
5178,3100,498
5179,5420,498
5180,5425,498
5181,268,498
5182,10251,498
5183,5423,498
5184,3122,498
5185,5009,499
5186,5007,499
5187,1358,500
5188,1456,500
5189,2481,500
5190,6476,502
5191,3124,502
5192,1047,502
5193,8013,504
5194,3343,504
5195,10917,504
5196,6393,504
5197,10660,504
5198,10657,504
5199,6392,505
5200,241,506
5201,242,506
5202,321921,507
5203,5864,507
5204,6298,507
5205,837,507
5206,2380,508
5207,7,511
5208,3134,512
5209,3146,512
5210,3147,512
5211,3167,512
5212,51766,512
5213,3170,512
5214,2267,513
5215,10790,513
5216,58,513
5217,2358,513
5218,74,514
5219,2309,514
5220,2979,514
5221,5421,515
5222,4988,515
5223,4994,515
5224,4996,515
5225,5008,515
5226,4986,515
5227,5422,515
5228,1159,515
5229,5456,515
5230,744,515
5231,745,515
5232,4509,515
5233,4507,515
5234,4505,515
5235,1082,515
5236,1083,515
5237,1085,515
5238,1088,515
5239,5424,515
5240,3044,516
5241,10746,516
5242,10748,516
5243,13129,516
5244,5982,517
5245,5402,517
5246,2411,517
5247,11297,519
5248,3359,519
5249,10903,519
5250,10029,519
5251,10060,519
5252,862,519
5253,4998,520
5254,3985,522
5255,4034,522
5256,3982,522
5257,4514,523
5258,4512,523
5259,729,523
5260,10760,524
5261,10762,524
5262,11342,524
5263,857,525
5264,87,527
5265,8014,527
5266,4150,527
5267,10659,527
5268,10658,527
5269,10656,527
5270,5862,527
5271,10711,528
5272,10899,528
5273,10687,528
5274,4047,528
5275,2408,529
5276,4048,529
5277,6294,530
5278,12,530
5279,4487,532
5280,3983,532
5281,4810,532
5282,3984,532
5283,4033,532
5284,47,534
5285,3182,536
5286,3342,536
5287,4488,536
5288,217,537
5289,5010,539
5290,4809,539
5291,4511,539
5292,4513,539
5293,37,540
5294,1802,541
5295,10747,542
5296,10745,542
5297,4999,542
5298,5000,542
5299,2062,543
5300,6371,544
5301,6345,544
5302,6361,544
5303,6354,544
5304,200612,545
5305,10177,545
5306,6362,546
5307,5896,546
5308,5895,546
5309,6372,546
5310,4413,546
5311,6346,546
5312,6338,546
5313,2205,547
5314,3993,547
5315,4439,547
5316,4436,547
5317,5011,549
5318,4446,551
5319,11037,551
5320,4518,551
5321,4520,551
5322,4697,551
5323,3990,551
5324,3287,552
5325,787,552
5326,244,555
5327,152,555
5328,246,555
5329,245,555
5330,5118,555
5331,3940,557
5332,3183,558
5333,106,558
5334,5131,559
5335,3340,560
5336,6453,561
5337,6425,561
5338,10955,561
5339,10938,564
5340,10838,565
5341,1161,565
5342,2072,566
5343,11161,567
5344,6186,567
5345,6188,567
5346,6190,567
5347,6194,567
5348,6548,568
5349,2240,568
5350,5,569
5351,59,571
5352,3047,571
5353,3048,571
5354,116,571
5355,11036,572
5356,2063,573
5357,13044,573
5358,6421,574
5359,10953,576
5360,5786,576
5361,5787,576
5362,5782,576
5363,5774,576
5364,5791,576
5365,5772,576
5366,5784,576
5367,5769,576
5368,6184,577
5369,3803,577
5370,10939,580
5371,1746,582
5372,3337,582
5373,558,582
5374,2310,583
5375,1434,585
5376,1435,586
5377,6604,586
5378,320355,588
5379,3935,589
5380,2696,590
5381,13038,591
5382,10221,594
5383,10830,594
5384,12103,594
5385,10954,594
5386,5790,594
5387,10225,594
5388,19067,595
5389,2999,595
5390,3060,595
5391,3059,595
5392,3051,595
5393,1176,595
5394,3061,595
5395,1164,596
5396,1170,596
5397,1172,596
5398,1168,596
5399,1178,596
5400,1175,596
5401,10956,598
5402,18,599
5403,3691,599
5404,2,600
5405,3056,600
5406,3055,600
5407,4950,603
5408,10978,603
5409,4473,603
5410,704,604
5411,1074,604
5412,10330,604
5413,1070,604
5414,4701,604
5415,723,604
5416,706,604
5417,10331,604
5418,1136,604
5419,1138,604
5420,1137,604
5421,2193,604
5422,724,604
5423,10952,606
5424,10332,606
5425,5770,606
5426,5792,606
5427,5788,606
5428,5785,606
5429,5783,606
5430,5781,606
5431,5775,606
5432,5773,606
5433,707,606
5434,10729,606
5435,705,606
5436,1060,606
5437,1063,606
5438,1065,606
5439,3000,607
5440,777,607
5441,726,609
5442,725,609
5443,3053,610
5444,1119,611
5445,10829,612
5446,10804,612
5447,6471,614
5448,1020,615
5449,796,617
5450,5789,618
5451,5798,618
5452,206,620
5453,25,620
5454,10950,622
5455,6543,622
5456,44,626
5457,5794,627
5458,5799,627
5459,3073,627
5460,732,628
5461,5860,629
5462,10742,629
5463,5863,629
5464,4653,632
5465,57,632
5466,731,633
5467,734,633
5468,1803,637
5469,1805,637
5470,1841,637
5471,3694,637
5472,1849,637
5473,1845,637
5474,10839,638
5475,10691,638
5476,10537,638
5477,4125,638
5478,4087,638
5479,5858,638
5480,4004,639
5481,49,644
5482,22,644
5483,5795,645
5484,1846,646
5485,1842,646
5486,1797,646
5487,1850,646
5488,1804,646
5489,1806,646
5490,1,649
5491,10189,650
5492,211,650
5493,5579,651
5494,10690,653
5495,10840,653
5496,6424,653
5497,6529,653
5498,3693,654
5499,103,654
5500,5812,656
5501,5849,656
5502,5841,656
5503,4942,657
5504,4954,657
5505,2403,658
5506,10439,658
5507,6528,658
5508,10692,662
5509,204,667
5510,5836,668
5511,5848,668
5512,5811,668
5513,6544,674
5514,2232,676
5515,30,678
5516,4088,683
5517,142,684
5518,1135,687
5519,1129,687
5520,1171,688
5521,1163,688
5522,1174,688
5523,1169,688
5524,1167,688
5525,1128,697
5526,1133,697
5527,1134,697
5528,203,698
5529,929,700
5530,2223,703
5531,1075,705
5532,1139,705
5533,1140,705
5534,1141,705
5535,1073,705
5536,5580,708
5537,9,718
5538,817,724
5539,10436,725
5540,4955,726
5541,4945,726
5542,3946,729
5543,3945,729
5544,125,731
5545,2402,732
5546,10163,735
5547,6545,738
5548,10376,738
5549,1584,738
5550,1586,738
5551,2565,738
5552,20524,740
5553,10709,742
5554,11218,742
5555,816,742
5556,468,742
5557,499,742
5558,1589,746
5559,10752,746
5560,2572,746
5561,10181,748
5562,10985,749
5563,15003,756
5564,15002,762
5565,201,764
5566,4720,764
5567,6602,766
5568,496,769
5569,497,769
5570,466,769
5571,1336,773
5572,26,775
5573,4117,782
5574,10434,789
5575,1332,791
5576,2431,792
5577,202,800
5578,218,800
5579,4109,801
5580,2880,801
5581,1591,802
5582,2435,808
5583,5122,809
5584,11203,812
5585,818,812
5586,1890,814
5587,5125,819
5588,819,821
5589,6606,823
5590,4794,825
5591,1328,827
5592,1046,827
5593,1052,827
5594,1055,827
5595,4114,828
5596,1329,833
5597,1101,833
5598,1051,833
5599,10700,833
5600,226,837
5601,4110,840
5602,10314,842
5603,568,848
5604,2002,851
5605,2003,852
5606,2420,858
5607,2377,858
5608,19910,859
5609,10306,859
5610,815,860
5611,814,866
5612,124,866
5613,1087,867
5614,3947,873
5615,1894,874
5616,10823,880
5617,5577,880
5618,562,881
5619,2352,887
5620,2340,887
5621,13175,895
5622,6,896
5623,3365,904
5624,3712,905
5625,3713,905
5626,13048,907
5627,13049,907
5628,4641,907
5629,4640,907
5630,4911,911
5631,10743,912
5632,1003,913
5633,46,914
5634,117,924
5635,10078,928
5636,566,930
5637,611,933
5638,9990,933
5639,3689,936
5640,3690,936
5641,612,937
5642,10824,939
5643,4412,952
5644,10788,959
5645,10794,960
5646,10791,961
5647,4409,964
5648,6465,964
5649,3695,965
5650,4914,968
5651,5029,972
5652,35,974
5653,219,975
5654,1061,975
5655,1064,975
5656,1062,975
5657,4920,990
5658,1180,991
5659,3692,991
5660,1999,993
5661,11269,995
5662,13057,997
5663,1960,999
5664,45,1003
5665,565,1004
5666,3716,1011
5667,5064,1011
5668,320321,1014
5669,623,1015
5670,10079,1025
5671,3736,1029
5672,6462,1035
5673,6291,1035
5674,225,1037
5675,899,1041
5676,1853,1055
5677,10970,1062
5678,19066,1065
5679,11328,1073
5680,876,1079
5681,1815,1081
5682,138,1081
5683,10077,1094
5684,3749,1095
5685,3062,1095
5686,3054,1099
5687,2191,1102
5688,220,1106
5689,42,1106
5690,273,1108
5691,3741,1110
5692,6521,1110
5693,228,1112
5694,121,1117
5695,24,1120
5696,39,1122
5697,5805,1122
5698,141,1128
5699,3043,1128
5700,735,1129
5701,738,1129
5702,737,1129
5703,743,1143
5704,742,1143
5705,740,1143
5706,739,1143
5707,2200,1144
5708,5760,1152
5709,6549,1153
5710,5803,1155
5711,10969,1157
5712,156,1162
5713,63,1163
5714,43,1164
5715,1338,1166
5716,11270,1167
5717,5271,1169
5718,5815,1174
5719,10200,1176
5720,786,1177
5721,5804,1182
5722,10180,1194
5723,1080,1195
5724,5603,1196
5725,5761,1198
5726,1076,1200
5727,1045,1201
5728,5643,1209
5729,5840,1210
5730,1357,1217
5731,10201,1225
5732,5817,1225
5733,66,1230
5734,1021,1232
5735,3979,1235
5736,5635,1235
5737,17,1241
5738,10900,1243
5739,5602,1244
5740,3870,1252
5741,10817,1256
5742,5644,1258
5743,19,1261
5744,11272,1265
5745,11271,1265
5746,1179,1277
5747,5638,1280
5748,1889,1281
5749,1132,1291
5750,3001,1296
5751,3072,1296
5752,229,1303
5753,1743,1320
5754,81,1326
5755,1754,1332
5756,10818,1333
5757,15753,1335
5758,3071,1337
5759,3091,1337
5760,8,1343
5761,27,1343
5762,14,1365
5763,1748,1366
5764,1886,1386
5765,1747,1386
5766,1592,1387
5767,15764,1392
5768,1593,1394
5769,2556,1423
5770,2561,1423
5771,10815,1432
5772,2581,1437
5773,2576,1437
5774,10797,1457
5775,10185,1478
5776,1153,1486
5777,5032,1504
5778,10816,1521
5779,33,1540
5780,3943,1609
5781,32,1654
5782,23,1658
5783,18055,1691
5784,29,1698
5785,10821,1719
5786,18056,1737
5787,469,1747
5788,470,1754
5789,10822,1761
5790,10798,1879
5791,158,1889
5792,10795,1950
5793,36,1954
5794,891,1955
5795,884,1955
5796,889,1964
5797,890,1964
5798,10190,1994
5799,20,2000
5800,10796,2014
5801,1944,2049
5802,272,2052
5803,267,2052
5804,1951,2114
5805,266,2126
5806,6515,2178
5807,271,2186
5808,10789,2290
5809,1010,2369
5810,216,2384
5811,227,2439
5812,28,2674
5813,10819,2911
5814,897,2957
5815,893,2960
5816,892,2968
5817,10820,2997
5818,896,3076
5819,10813,3134
5820,10814,3252
5821,67,3940
5822,919,3973
5823,19050,4194
5824,19062,4269
5825,10793,4717
5826,12111,4734
5827,200611,5279
5828,10792,5978
5829,19052,7691
5830,19051,7691
5831,19063,7865
5832,19064,7865
5833,12110,7865
5834,10802,12492
